Vehicle_ID,Car_Model,Battery_Type,Battery_Capacity_kWh,Vehicle_Age_Months,Total_Charging_Cycles,Avg_Temperature_C,Fast_Charge_Ratio,Avg_Discharge_Rate_C,Driving_Style,Internal_Resistance_Ohm,SoH_Percent,Battery_Status
6e2f2532,Nissan Leaf,NMC,88.0,82,278,10.8,0.33,0.95,Aggressive,0.0642,85.93,Moderate
20c06520,MG ZS EV,NCA,50.0,55,115,10.9,0.29,1.51,Moderate,0.0216,93.15,Healthy
4063d3d0,Ford Mustang Mach-E,NMC,88.0,29,969,27.7,0.79,0.51,Conservative,0.0683,84.12,Moderate
61be5115,Nissan Leaf,NMC,40.0,44,259,12.8,0.18,2.19,Moderate,0.0562,90.12,Healthy
af706290,Tesla Model 3,NCA,50.0,11,1180,18.8,0.63,2.27,Conservative,0.0417,88.61,Moderate
e44b09d4,Ford Mustang Mach-E,NMC,64.0,38,213,35.7,0.84,1.26,Aggressive,0.0472,88.15,Moderate
74707c55,Hyundai Kona Electric,LFP,88.0,35,1487,38.1,0.65,1.72,Moderate,0.0303,84.41,Moderate
0898ba8f,Ford Mustang Mach-E,LFP,50.0,82,1459,26.7,0.68,2.19,Moderate,0.0666,79.41,Critical
23a4aaf4,MG ZS EV,LFP,75.0,9,482,37.4,0.58,1.94,Conservative,0.0328,92.01,Healthy
9dbf7ff5,Tesla Model Y,NMC,82.0,34,335,17.4,0.58,1.03,Aggressive,0.0551,88.53,Moderate
49058ef8,Tesla Model 3,LFP,88.0,64,236,32.7,0.83,0.81,Moderate,0.0296,88.77,Moderate
0e1633d0,Nissan Leaf,LFP,88.0,77,1008,25.9,0.93,2.22,Aggressive,0.0207,83.33,Moderate
4df17961,Nissan Leaf,NMC,88.0,44,278,18.8,0.23,0.51,Aggressive,0.0633,87.35,Moderate
2daf8e80,Nissan Leaf,NMC,50.0,14,1330,19.0,0.64,1.72,Aggressive,0.0292,88.19,Moderate
f14089c1,Tesla Model Y,NCA,64.0,42,1050,10.6,0.89,2.26,Conservative,0.0699,81.58,Moderate
807c06c2,Nissan Leaf,NMC,88.0,11,1045,34.5,0.93,1.57,Moderate,0.0275,89.19,Moderate
a1d147a6,Hyundai Kona Electric,NCA,50.0,68,1292,22.7,0.28,1.58,Aggressive,0.0638,82.01,Moderate
6c29055c,Tesla Model Y,NCA,40.0,48,947,37.0,0.48,1.0,Conservative,0.0238,88.44,Moderate
743d87bf,Tesla Model Y,LFP,64.0,1,195,31.2,0.15,0.63,Aggressive,0.0219,94.74,Healthy
8d96fc6d,Hyundai Kona Electric,NMC,50.0,63,488,26.2,0.71,2.26,Conservative,0.0546,86.78,Moderate
05bcee96,MG ZS EV,NMC,88.0,13,1399,22.9,0.46,1.43,Conservative,0.0637,85.29,Moderate
703c2c5a,Ford Mustang Mach-E,LFP,50.0,52,744,34.0,0.19,0.88,Conservative,0.0522,86.21,Moderate
414e12dd,Tesla Model 3,NMC,82.0,10,957,34.2,0.83,0.7,Conservative,0.0591,88.19,Moderate
683699da,Ford Mustang Mach-E,LFP,40.0,53,1044,24.4,0.83,2.3,Moderate,0.0299,87.83,Moderate
4ac0419a,Tesla Model Y,NMC,50.0,55,1476,38.7,0.95,1.61,Aggressive,0.0631,78.77,Critical
56145e0b,Nissan Leaf,NMC,82.0,95,1160,11.8,0.37,0.6,Conservative,0.0486,79.63,Critical
0f390cc4,Nissan Leaf,NMC,82.0,9,1268,12.0,0.83,1.31,Aggressive,0.0765,82.61,Moderate
9cd0861e,Tesla Model Y,LFP,88.0,11,908,29.7,0.58,1.13,Moderate,0.0356,90.72,Healthy
3ad2a877,Nissan Leaf,NMC,40.0,17,1425,29.4,0.49,2.36,Conservative,0.0761,82.76,Moderate
f56e956e,Tesla Model Y,LFP,50.0,69,486,25.2,0.21,1.2,Aggressive,0.0241,88.7,Moderate
8a371e0d,MG ZS EV,NMC,82.0,91,669,28.4,0.94,1.81,Conservative,0.0205,84.64,Moderate
59865ca4,Tesla Model Y,NCA,50.0,34,286,36.7,0.73,0.81,Aggressive,0.0369,91.57,Healthy
0431cd08,Tesla Model 3,NMC,75.0,34,1085,24.7,0.87,2.19,Moderate,0.0255,88.88,Moderate
9ee4ddc5,Tesla Model 3,NCA,82.0,17,1354,39.4,0.24,1.38,Conservative,0.0623,83.2,Moderate
88528b84,Tesla Model 3,LFP,64.0,70,123,35.0,0.6,0.8,Conservative,0.0276,89.28,Moderate
e0a6a013,Tesla Model Y,NMC,82.0,88,561,30.0,0.4,1.62,Conservative,0.0725,83.1,Moderate
a0c0cacf,Tesla Model Y,LFP,88.0,53,100,15.4,0.89,2.06,Conservative,0.0447,90.47,Healthy
ec86c708,Tesla Model Y,NMC,75.0,90,271,21.5,0.13,1.44,Conservative,0.032,87.38,Moderate
6ffb7dbf,Hyundai Kona Electric,NCA,64.0,85,445,22.0,0.34,0.64,Aggressive,0.0664,84.22,Moderate
32c46f5e,Nissan Leaf,LFP,64.0,43,106,13.5,0.92,0.86,Moderate,0.0778,84.56,Moderate
4e0bd69f,MG ZS EV,LFP,50.0,94,692,23.1,0.94,0.73,Conservative,0.074,78.76,Critical
8895e441,MG ZS EV,LFP,75.0,67,1152,30.6,0.9,1.97,Aggressive,0.0318,82.18,Moderate
956c27ef,MG ZS EV,LFP,75.0,41,1408,35.4,0.71,1.1,Aggressive,0.0386,83.7,Moderate
5ddba6f8,Hyundai Kona Electric,NCA,82.0,17,442,22.6,0.9,1.85,Conservative,0.0742,87.49,Moderate
cfb00be8,Tesla Model Y,NCA,75.0,39,637,16.3,0.77,1.71,Moderate,0.0393,87.99,Moderate
ed5c7387,Tesla Model Y,NCA,40.0,95,397,29.8,0.34,1.83,Moderate,0.0572,85.29,Moderate
35fd7d55,MG ZS EV,NCA,40.0,29,457,14.4,0.14,2.47,Conservative,0.0567,89.27,Moderate
ed3be620,Tesla Model Y,NMC,40.0,92,1476,21.5,0.44,0.8,Aggressive,0.0613,79.36,Critical
b61e2c3e,Nissan Leaf,NCA,75.0,67,1001,11.5,0.31,2.2,Moderate,0.0474,84.95,Moderate
32725c4b,MG ZS EV,LFP,75.0,57,1304,34.5,0.86,1.35,Moderate,0.0744,81.35,Moderate
6d6a41a2,Tesla Model 3,NCA,50.0,34,556,35.2,0.34,2.06,Moderate,0.0491,88.01,Moderate
02f03ef9,MG ZS EV,NMC,75.0,31,606,20.1,0.86,0.66,Conservative,0.029,90.65,Healthy
962ed952,Nissan Leaf,NCA,75.0,54,884,19.9,0.5,0.62,Conservative,0.07,84.88,Moderate
ec8d8672,MG ZS EV,NCA,75.0,74,829,24.3,0.9,1.1,Aggressive,0.0434,83.95,Moderate
ae99c8b2,MG ZS EV,NMC,88.0,29,1049,16.6,0.47,0.56,Moderate,0.0402,88.67,Moderate
c25ec5ec,Tesla Model Y,LFP,40.0,17,1324,26.0,0.87,1.68,Conservative,0.0598,84.87,Moderate
86565a20,Hyundai Kona Electric,LFP,75.0,7,582,21.4,0.28,1.15,Conservative,0.0657,88.51,Moderate
140800fb,MG ZS EV,NMC,40.0,61,89,32.5,0.14,2.4,Conservative,0.0335,92.17,Healthy
86e94a9c,Tesla Model Y,LFP,40.0,32,458,35.2,0.63,0.98,Aggressive,0.0484,89.31,Moderate
d3b7ef57,Tesla Model 3,NCA,50.0,33,805,15.0,0.62,2.0,Conservative,0.0269,91.26,Healthy
0ec52806,MG ZS EV,NMC,40.0,40,1229,30.3,0.91,1.29,Conservative,0.0629,82.91,Moderate
02da13f0,Hyundai Kona Electric,NCA,40.0,90,667,35.5,0.61,0.74,Moderate,0.079,79.73,Critical
e04a3e18,MG ZS EV,LFP,75.0,9,1086,29.4,0.11,1.34,Aggressive,0.0494,90.53,Healthy
3dcbd558,Hyundai Kona Electric,LFP,82.0,20,941,15.3,0.54,1.8,Aggressive,0.057,88.01,Moderate
98d8abfa,Hyundai Kona Electric,NCA,75.0,76,599,19.7,0.31,2.37,Aggressive,0.0367,85.61,Moderate
22932ca9,Ford Mustang Mach-E,LFP,64.0,86,826,20.1,0.52,1.15,Aggressive,0.0493,84.21,Moderate
3be2b4cf,Tesla Model Y,NCA,75.0,90,615,26.7,0.54,0.88,Moderate,0.0345,85.15,Moderate
6053fd23,Nissan Leaf,LFP,50.0,83,1055,23.4,0.11,1.09,Moderate,0.0443,82.66,Moderate
bcc7a9bc,Ford Mustang Mach-E,NMC,75.0,71,1137,20.3,0.95,1.6,Conservative,0.0411,81.71,Moderate
64a9d2d2,Hyundai Kona Electric,LFP,50.0,93,444,19.5,0.73,2.4,Aggressive,0.0614,81.61,Moderate
7695a4ce,Tesla Model 3,NCA,64.0,76,1124,27.9,0.93,2.17,Aggressive,0.0378,81.38,Moderate
77f56e1c,Hyundai Kona Electric,NMC,88.0,17,611,11.4,0.15,1.08,Conservative,0.0766,89.1,Moderate
a17f451d,Tesla Model 3,LFP,75.0,74,632,24.1,0.47,0.87,Moderate,0.0231,86.13,Moderate
2b326d17,Tesla Model Y,NMC,64.0,10,1231,28.9,0.15,0.8,Aggressive,0.0538,85.71,Moderate
9d6e5b2f,Nissan Leaf,LFP,75.0,54,1291,27.9,0.63,2.05,Moderate,0.0428,82.87,Moderate
9eea2981,MG ZS EV,NMC,88.0,73,1321,11.8,0.92,0.7,Conservative,0.0658,77.98,Critical
282cf520,Tesla Model Y,LFP,75.0,31,405,26.6,0.23,1.32,Aggressive,0.0614,88.06,Moderate
2961ed5c,Tesla Model Y,LFP,88.0,37,1489,35.8,0.16,0.97,Conservative,0.0359,86.04,Moderate
198b507a,Nissan Leaf,NCA,50.0,70,510,29.4,0.87,2.15,Aggressive,0.0243,88.85,Moderate
9b757631,Hyundai Kona Electric,NMC,82.0,37,949,13.7,0.69,1.9,Aggressive,0.0766,83.41,Moderate
d599a4df,Nissan Leaf,NCA,88.0,6,934,32.0,0.61,0.55,Conservative,0.0337,91.6,Healthy
3f2597d0,Tesla Model Y,NCA,75.0,87,601,27.3,0.75,0.85,Moderate,0.0511,85.09,Moderate
afe6eb48,Ford Mustang Mach-E,LFP,40.0,82,1057,39.1,0.5,1.32,Aggressive,0.0393,84.66,Moderate
d360d55a,Ford Mustang Mach-E,NMC,40.0,64,640,29.9,0.44,2.02,Moderate,0.0222,87.84,Moderate
de8e76e0,Hyundai Kona Electric,NCA,64.0,66,52,29.7,0.56,1.33,Moderate,0.0313,90.7,Healthy
1638ae43,MG ZS EV,NCA,75.0,7,466,18.0,0.21,1.08,Conservative,0.0729,87.89,Moderate
529d9f6b,Tesla Model 3,NCA,40.0,91,374,19.3,0.11,1.32,Conservative,0.0335,87.13,Moderate
68acfbd8,Tesla Model Y,LFP,50.0,64,647,25.3,0.33,2.17,Conservative,0.0788,82.93,Moderate
30545653,Nissan Leaf,LFP,75.0,77,1090,32.4,0.22,0.64,Conservative,0.0664,80.67,Moderate
ec5b9fd2,Ford Mustang Mach-E,LFP,75.0,37,661,35.1,0.59,1.82,Aggressive,0.0719,85.52,Moderate
95583d44,Hyundai Kona Electric,NMC,82.0,70,822,23.7,0.37,0.88,Moderate,0.0618,82.9,Moderate
9967dbac,Hyundai Kona Electric,NMC,88.0,96,1018,31.2,0.79,1.27,Conservative,0.0598,81.59,Moderate
e34e4e00,Tesla Model Y,LFP,75.0,65,1258,20.0,0.19,2.19,Aggressive,0.026,83.59,Moderate
043faf95,Ford Mustang Mach-E,NCA,88.0,20,203,24.1,0.92,1.18,Aggressive,0.0616,87.71,Moderate
89aaee6a,MG ZS EV,NCA,82.0,49,698,28.8,0.85,1.48,Moderate,0.0525,83.91,Moderate
758f3567,Ford Mustang Mach-E,NMC,75.0,30,235,23.0,0.18,1.77,Conservative,0.0724,87.49,Moderate
f2da84f1,Tesla Model Y,NMC,82.0,42,164,18.8,0.42,0.79,Conservative,0.0519,90.52,Healthy
8fefa749,MG ZS EV,LFP,50.0,11,1298,36.1,0.63,0.98,Moderate,0.0748,82.82,Moderate
5c7f0c17,Ford Mustang Mach-E,NCA,50.0,33,1415,10.3,0.78,2.3,Moderate,0.0607,80.95,Moderate
38af399a,Hyundai Kona Electric,NCA,75.0,82,918,30.7,0.49,1.1,Moderate,0.08,78.3,Critical
517d8111,MG ZS EV,NCA,64.0,74,655,39.8,0.35,2.46,Conservative,0.0595,82.19,Moderate
78dfffc3,Tesla Model Y,NCA,64.0,78,1067,35.0,0.87,2.05,Moderate,0.0338,82.18,Moderate
afefd4fe,Hyundai Kona Electric,NMC,40.0,87,1400,30.4,0.22,0.69,Aggressive,0.0576,79.08,Critical
cb56f519,Ford Mustang Mach-E,NCA,50.0,47,319,12.7,0.35,1.99,Aggressive,0.0305,92.04,Healthy
94204027,Tesla Model 3,LFP,88.0,35,386,17.7,0.8,1.46,Conservative,0.0684,88.31,Moderate
261a6adb,Hyundai Kona Electric,NMC,82.0,19,512,35.8,0.72,2.46,Moderate,0.078,86.14,Moderate
e81583db,Tesla Model 3,NCA,88.0,69,303,23.6,0.67,1.84,Conservative,0.0551,87.88,Moderate
21bb361c,Hyundai Kona Electric,NCA,88.0,61,101,28.6,0.9,1.16,Moderate,0.0566,85.41,Moderate
d547f78c,Nissan Leaf,NMC,40.0,84,886,13.5,0.14,0.57,Moderate,0.0798,78.98,Critical
41184f6f,Hyundai Kona Electric,NCA,88.0,59,809,30.1,0.73,2.39,Conservative,0.0451,86.17,Moderate
d6e744e7,Tesla Model Y,LFP,75.0,63,1310,22.2,0.91,0.57,Conservative,0.0422,82.15,Moderate
563c5480,Hyundai Kona Electric,NMC,50.0,88,802,26.3,0.93,1.22,Aggressive,0.0439,84.57,Moderate
7aa871dd,Tesla Model Y,NMC,50.0,28,1364,29.2,0.93,0.6,Aggressive,0.04,86.23,Moderate
4073ae7f,Tesla Model Y,NMC,82.0,27,1250,16.5,0.84,1.16,Aggressive,0.0289,85.03,Moderate
b830d27e,Tesla Model 3,NMC,50.0,33,407,13.3,0.84,0.76,Moderate,0.0415,89.85,Moderate
5a763582,Tesla Model 3,LFP,64.0,7,309,32.3,0.55,1.99,Aggressive,0.0486,91.99,Healthy
583a74e8,Tesla Model 3,NMC,75.0,29,1309,11.3,0.77,2.23,Moderate,0.0513,85.04,Moderate
22ac6b2d,Tesla Model Y,NMC,40.0,52,923,30.6,0.52,2.32,Conservative,0.0244,87.03,Moderate
e51a82b9,Nissan Leaf,NCA,82.0,36,1328,29.0,0.57,1.15,Moderate,0.0797,80.55,Moderate
e42e5519,Tesla Model Y,LFP,50.0,13,1487,13.4,0.66,2.26,Moderate,0.0531,84.62,Moderate
f3fa5da3,MG ZS EV,LFP,64.0,59,866,22.5,0.18,1.35,Conservative,0.0599,86.41,Moderate
f0107ea4,Nissan Leaf,NCA,82.0,12,224,12.8,0.18,1.98,Moderate,0.0687,88.93,Moderate
a06d06ec,Ford Mustang Mach-E,NCA,88.0,86,300,22.3,0.84,2.38,Moderate,0.0454,83.61,Moderate
eb8031e8,Nissan Leaf,LFP,40.0,46,262,27.3,0.28,1.81,Conservative,0.0335,90.5,Healthy
bf2569e3,MG ZS EV,NCA,82.0,36,1225,16.8,0.46,1.62,Conservative,0.066,83.93,Moderate
988326e9,Ford Mustang Mach-E,NMC,64.0,78,1397,34.9,0.33,0.86,Conservative,0.0622,81.58,Moderate
8cb91e2a,Tesla Model Y,LFP,40.0,19,1209,29.7,0.16,1.98,Moderate,0.0783,85.27,Moderate
b688300f,Tesla Model 3,NMC,82.0,59,748,14.7,0.36,1.15,Conservative,0.0765,81.51,Moderate
debdb63c,Tesla Model Y,NCA,75.0,80,151,30.2,0.33,1.82,Conservative,0.0491,86.93,Moderate
d5a74bc4,Hyundai Kona Electric,NCA,64.0,45,930,13.3,0.68,1.69,Conservative,0.0516,83.41,Moderate
5c20f274,Hyundai Kona Electric,NCA,64.0,1,468,19.0,0.28,0.77,Moderate,0.0353,91.97,Healthy
bd02abc7,MG ZS EV,NMC,64.0,23,314,21.4,0.7,1.5,Moderate,0.07,86.48,Moderate
56b975cb,Ford Mustang Mach-E,NMC,88.0,3,991,37.6,0.83,1.65,Moderate,0.0544,88.27,Moderate
8d1dd442,Tesla Model 3,NMC,64.0,3,715,15.2,0.91,1.42,Moderate,0.0614,86.58,Moderate
277951d1,Tesla Model 3,NCA,64.0,76,870,25.7,0.44,1.12,Aggressive,0.0404,85.77,Moderate
4e6bfe65,Tesla Model Y,NMC,88.0,15,1136,25.3,0.87,1.2,Conservative,0.0636,86.28,Moderate
4b40fee1,Nissan Leaf,NCA,88.0,33,454,15.2,0.23,2.02,Moderate,0.0245,92.16,Healthy
c6929499,Tesla Model 3,LFP,64.0,88,1206,29.3,0.94,1.15,Moderate,0.0783,75.82,Critical
0b2bc0b3,Tesla Model 3,LFP,75.0,81,670,33.9,0.6,1.2,Moderate,0.0245,86.33,Moderate
f68bde59,MG ZS EV,NMC,75.0,10,1370,35.9,0.83,1.73,Moderate,0.0504,85.97,Moderate
d61d9581,Ford Mustang Mach-E,NCA,75.0,74,1384,15.6,0.61,1.5,Conservative,0.0775,76.6,Critical
7aba6a7e,Ford Mustang Mach-E,LFP,82.0,65,1373,15.2,0.31,1.38,Moderate,0.0464,83.11,Moderate
1b31fe2f,Tesla Model 3,NCA,64.0,50,887,33.2,0.68,0.6,Aggressive,0.0579,82.68,Moderate
c3370467,Nissan Leaf,NCA,50.0,50,631,17.6,0.82,2.43,Conservative,0.0562,84.92,Moderate
ac9c41f6,Hyundai Kona Electric,NCA,40.0,45,685,39.0,0.69,1.28,Moderate,0.0557,85.26,Moderate
01d0c757,Hyundai Kona Electric,NCA,40.0,17,1422,31.1,0.91,2.49,Moderate,0.0747,82.82,Moderate
b342ffe9,Tesla Model Y,NMC,50.0,3,792,19.3,0.91,1.18,Conservative,0.066,86.29,Moderate
db902659,Nissan Leaf,NMC,88.0,38,257,25.2,0.56,1.98,Aggressive,0.0516,88.74,Moderate
7553185e,Tesla Model 3,LFP,50.0,49,365,14.9,0.81,2.04,Moderate,0.0685,86.67,Moderate
8b3300cc,Ford Mustang Mach-E,LFP,50.0,87,536,39.1,0.62,2.0,Conservative,0.067,82.56,Moderate
b586b704,Hyundai Kona Electric,NMC,75.0,48,1439,38.4,0.94,1.42,Conservative,0.0369,83.41,Moderate
7bc4b773,Nissan Leaf,NMC,40.0,78,333,36.2,0.14,1.46,Moderate,0.0423,88.43,Moderate
12f0f928,Ford Mustang Mach-E,NMC,50.0,11,378,18.2,0.87,0.79,Moderate,0.0462,92.14,Healthy
dd6080ae,Tesla Model 3,NCA,40.0,7,861,25.1,0.3,2.49,Aggressive,0.0425,89.56,Moderate
2380e351,Hyundai Kona Electric,LFP,50.0,43,349,14.1,0.34,2.16,Aggressive,0.0618,88.99,Moderate
5d27d4af,Tesla Model 3,LFP,82.0,1,212,10.6,0.28,0.8,Conservative,0.0764,90.77,Healthy
a32a9b68,Hyundai Kona Electric,NCA,40.0,39,299,11.4,0.46,2.09,Aggressive,0.0474,91.07,Healthy
ec0e0a5b,Nissan Leaf,LFP,82.0,3,1344,25.5,0.31,0.79,Conservative,0.0458,87.25,Moderate
208264d5,Nissan Leaf,NCA,82.0,86,1418,12.6,0.93,0.64,Conservative,0.0516,80.16,Moderate
62ad6703,Ford Mustang Mach-E,NMC,64.0,50,1012,11.3,0.43,1.25,Aggressive,0.0648,84.75,Moderate
da489580,MG ZS EV,NMC,64.0,85,1336,13.1,0.59,2.01,Aggressive,0.028,82.72,Moderate
a36000e3,Tesla Model Y,NMC,75.0,60,1474,24.4,0.25,0.77,Conservative,0.063,79.18,Critical
893a5fd4,MG ZS EV,NMC,64.0,6,696,38.0,0.54,2.48,Moderate,0.0526,87.85,Moderate
e5f99e05,Hyundai Kona Electric,LFP,75.0,46,147,36.0,0.38,0.75,Conservative,0.0421,91.59,Healthy
c22b3e0d,Hyundai Kona Electric,NCA,88.0,64,1467,24.9,0.89,1.54,Conservative,0.0681,78.65,Critical
b54adcef,Tesla Model Y,NCA,82.0,70,651,19.6,0.17,1.82,Moderate,0.0384,87.84,Moderate
c6eb898d,Tesla Model 3,NMC,64.0,45,965,11.3,0.84,1.21,Aggressive,0.0799,82.46,Moderate
7200d4a7,MG ZS EV,LFP,50.0,82,881,20.9,0.78,1.86,Conservative,0.0772,81.15,Moderate
6cb60f7f,MG ZS EV,LFP,40.0,17,187,17.1,0.65,1.22,Moderate,0.077,89.13,Moderate
04ae44e9,Tesla Model 3,NMC,88.0,48,959,32.9,0.59,1.56,Aggressive,0.0439,84.91,Moderate
9f747aa5,Nissan Leaf,LFP,88.0,24,1072,25.5,0.88,0.74,Aggressive,0.0665,84.1,Moderate
2556bffd,MG ZS EV,LFP,75.0,63,459,13.7,0.82,1.4,Aggressive,0.0739,85.62,Moderate
bd1dede0,MG ZS EV,NMC,88.0,45,182,26.5,0.35,1.1,Moderate,0.0295,93.55,Healthy
cb836083,Nissan Leaf,LFP,40.0,66,509,13.6,0.27,0.78,Moderate,0.0674,84.34,Moderate
88896467,Hyundai Kona Electric,LFP,88.0,71,315,28.4,0.17,1.12,Aggressive,0.08,84.32,Moderate
61873d03,Nissan Leaf,NCA,64.0,10,306,39.2,0.65,1.4,Aggressive,0.0608,88.8,Moderate
c05a8ff3,Tesla Model Y,LFP,50.0,24,314,23.0,0.87,0.61,Aggressive,0.0274,91.25,Healthy
6fa6804a,Nissan Leaf,LFP,50.0,29,758,38.4,0.54,1.07,Conservative,0.0247,90.88,Healthy
457aace0,MG ZS EV,NCA,82.0,81,670,28.4,0.18,1.78,Aggressive,0.0555,82.88,Moderate
76f81ffd,Nissan Leaf,LFP,40.0,78,741,35.3,0.58,2.15,Aggressive,0.0217,88.52,Moderate
98de4bc6,Ford Mustang Mach-E,LFP,64.0,27,1221,22.5,0.64,1.5,Conservative,0.0576,85.26,Moderate
aac83225,Ford Mustang Mach-E,NCA,75.0,88,881,18.9,0.16,0.62,Conservative,0.0464,83.45,Moderate
65f4e763,Tesla Model 3,LFP,64.0,41,703,32.0,0.83,2.45,Conservative,0.0278,88.82,Moderate
a60e4107,Hyundai Kona Electric,NMC,75.0,60,300,18.0,0.31,0.69,Conservative,0.0374,90.8,Healthy
7ee0c4c3,Ford Mustang Mach-E,LFP,75.0,42,1233,31.6,0.26,0.82,Conservative,0.0798,81.97,Moderate
f9dfe52b,Nissan Leaf,NCA,40.0,12,855,25.2,0.92,0.93,Aggressive,0.0412,87.93,Moderate
b8011ba9,Hyundai Kona Electric,LFP,88.0,61,635,26.1,0.82,1.36,Conservative,0.0729,82.48,Moderate
c167ee38,Nissan Leaf,LFP,82.0,52,154,27.1,0.27,1.61,Aggressive,0.0244,91.89,Healthy
429e0036,Ford Mustang Mach-E,NMC,64.0,88,1301,13.6,0.93,1.29,Conservative,0.0677,78.06,Critical
ed0a6d97,Tesla Model Y,NCA,75.0,78,1092,22.0,0.13,0.58,Aggressive,0.0628,81.84,Moderate
8c52933a,Nissan Leaf,NCA,64.0,18,721,37.9,0.37,1.29,Aggressive,0.057,88.89,Moderate
c3805d43,MG ZS EV,NCA,75.0,63,1202,19.0,0.79,1.24,Aggressive,0.0604,81.66,Moderate
2e353853,Tesla Model 3,NCA,82.0,4,1272,24.2,0.92,2.07,Moderate,0.0666,83.73,Moderate
5f18fecb,Nissan Leaf,NCA,88.0,22,1123,28.9,0.63,2.18,Conservative,0.0289,87.44,Moderate
2c336193,Hyundai Kona Electric,NCA,82.0,25,88,23.2,0.46,1.33,Aggressive,0.0322,94.52,Healthy
e7a01e94,Tesla Model Y,LFP,82.0,8,1495,14.1,0.28,1.15,Aggressive,0.0597,84.86,Moderate
c6d6acde,Hyundai Kona Electric,NMC,88.0,44,1168,20.6,0.76,1.94,Conservative,0.0586,82.32,Moderate
84252dc3,MG ZS EV,LFP,88.0,36,1192,19.0,0.9,2.46,Moderate,0.0663,81.56,Moderate
bc58a8c2,Hyundai Kona Electric,LFP,82.0,62,764,26.8,0.89,1.94,Moderate,0.0373,86.42,Moderate
7fc9712a,Hyundai Kona Electric,NMC,88.0,19,644,11.3,0.91,0.66,Conservative,0.0754,84.93,Moderate
6a9cad1c,Tesla Model 3,NCA,82.0,69,605,38.0,0.69,0.77,Aggressive,0.0569,83.34,Moderate
1bee1039,Tesla Model 3,NCA,88.0,29,1356,17.0,0.19,1.16,Conservative,0.0483,86.77,Moderate
5a172327,MG ZS EV,NMC,64.0,53,1387,38.1,0.85,1.45,Conservative,0.032,83.21,Moderate
80ada6f7,Tesla Model Y,NMC,50.0,84,1225,17.0,0.73,2.2,Moderate,0.0222,83.15,Moderate
9105ad11,Nissan Leaf,NMC,40.0,64,431,38.1,0.92,2.35,Moderate,0.0726,82.82,Moderate
ad9cf1c2,Tesla Model Y,NMC,82.0,37,980,39.7,0.56,1.49,Moderate,0.0763,83.26,Moderate
f8baef7b,Tesla Model Y,NMC,64.0,21,989,29.4,0.71,0.53,Aggressive,0.0402,88.21,Moderate
c143a7ef,Hyundai Kona Electric,LFP,50.0,82,880,34.8,0.54,0.67,Conservative,0.0602,83.87,Moderate
9ebd0a60,Tesla Model 3,LFP,82.0,1,584,21.5,0.48,1.03,Aggressive,0.0398,92.95,Healthy
8b50edf1,MG ZS EV,LFP,88.0,47,1468,17.1,0.67,1.43,Aggressive,0.0296,84.61,Moderate
1efe92b7,Hyundai Kona Electric,NCA,50.0,16,1358,37.5,0.35,1.73,Aggressive,0.0331,87.83,Moderate
70ac8b6a,MG ZS EV,NCA,50.0,48,901,31.1,0.88,2.01,Conservative,0.0681,84.13,Moderate
a7e81984,Tesla Model Y,NCA,82.0,68,964,25.8,0.41,2.33,Aggressive,0.0267,87.86,Moderate
5b778fcc,Nissan Leaf,LFP,82.0,20,386,19.8,0.54,0.73,Conservative,0.0323,92.12,Healthy
32e8bf36,Hyundai Kona Electric,LFP,64.0,59,320,25.4,0.49,0.62,Conservative,0.0477,88.82,Moderate
ad8af397,Tesla Model 3,LFP,40.0,96,496,27.3,0.14,1.19,Conservative,0.0238,88.92,Moderate
be62ba0b,Hyundai Kona Electric,LFP,75.0,37,887,15.4,0.22,1.78,Moderate,0.0638,85.28,Moderate
17c53c99,Nissan Leaf,LFP,64.0,49,214,30.5,0.66,1.58,Aggressive,0.0592,86.24,Moderate
40aa0cf8,Nissan Leaf,LFP,88.0,17,506,35.0,0.74,2.46,Conservative,0.0478,90.03,Healthy
30402db7,MG ZS EV,LFP,40.0,32,993,20.4,0.33,2.37,Aggressive,0.0635,83.59,Moderate
b216abe5,Tesla Model Y,NCA,88.0,3,542,16.2,0.19,0.57,Conservative,0.0559,92.57,Healthy
0d080b74,Tesla Model Y,NCA,82.0,52,948,17.0,0.28,2.23,Aggressive,0.0234,90.17,Healthy
37500eda,Nissan Leaf,NMC,50.0,41,1232,27.9,0.67,1.14,Moderate,0.0381,87.35,Moderate
9058b808,Nissan Leaf,LFP,88.0,39,613,11.8,0.91,2.26,Conservative,0.0747,85.24,Moderate
3f7f5e36,Tesla Model Y,NCA,50.0,45,1367,30.1,0.77,1.14,Moderate,0.045,82.72,Moderate
0ffd66e8,Hyundai Kona Electric,NCA,82.0,31,511,19.0,0.7,2.11,Aggressive,0.0749,85.73,Moderate
06d891b5,MG ZS EV,NMC,64.0,18,845,17.3,0.27,1.79,Conservative,0.0753,84.63,Moderate
00f5b1e4,Nissan Leaf,NMC,82.0,35,822,30.2,0.61,2.25,Moderate,0.0313,89.64,Moderate
7aec01a2,Hyundai Kona Electric,NMC,88.0,27,731,19.1,0.87,0.92,Aggressive,0.0314,87.77,Moderate
ff6f91ce,MG ZS EV,LFP,75.0,78,1491,16.1,0.88,1.6,Moderate,0.0665,77.76,Critical
d8b68994,Ford Mustang Mach-E,NMC,75.0,34,786,25.4,0.52,0.7,Moderate,0.0789,85.47,Moderate
e8d164a7,Nissan Leaf,NCA,82.0,41,897,11.4,0.83,1.98,Moderate,0.021,90.21,Healthy
58cfe22a,MG ZS EV,LFP,82.0,38,362,15.9,0.3,1.64,Moderate,0.0347,91.7,Healthy
1c3fe5e8,Hyundai Kona Electric,NMC,50.0,63,1364,32.2,0.49,1.97,Aggressive,0.0411,83.93,Moderate
f141fe28,Hyundai Kona Electric,NMC,40.0,83,170,25.7,0.81,0.65,Aggressive,0.0691,85.04,Moderate
de973a5f,Nissan Leaf,LFP,82.0,30,189,31.2,0.11,1.51,Aggressive,0.0424,92.75,Healthy
66b43872,Ford Mustang Mach-E,NMC,64.0,63,82,10.2,0.57,0.52,Aggressive,0.0518,88.37,Moderate
0300dab8,Tesla Model Y,NCA,82.0,90,1430,22.9,0.9,0.86,Aggressive,0.0751,74.94,Critical
f8e1b22e,MG ZS EV,NMC,82.0,33,775,18.0,0.44,1.25,Moderate,0.0444,87.14,Moderate
409d82df,Hyundai Kona Electric,NMC,75.0,88,215,29.6,0.83,2.02,Aggressive,0.0256,87.17,Moderate
47b782ec,Tesla Model 3,NCA,82.0,2,1489,15.1,0.52,1.37,Conservative,0.0671,86.55,Moderate
1b0e8a6d,Ford Mustang Mach-E,NCA,40.0,30,482,37.0,0.69,1.63,Aggressive,0.0363,90.92,Healthy
069f011c,MG ZS EV,LFP,50.0,85,117,15.4,0.82,0.53,Conservative,0.0324,88.74,Moderate
478722d2,MG ZS EV,NMC,82.0,39,382,26.9,0.58,2.2,Aggressive,0.0606,87.08,Moderate
3cebe3a0,Nissan Leaf,NCA,40.0,93,210,25.0,0.93,0.61,Moderate,0.0462,84.39,Moderate
ad1353f1,Hyundai Kona Electric,NMC,82.0,42,110,29.0,0.77,1.4,Aggressive,0.0337,92.94,Healthy
af986407,Tesla Model Y,LFP,40.0,75,1403,21.4,0.76,1.09,Aggressive,0.0348,80.31,Moderate
18a4083c,Ford Mustang Mach-E,NMC,64.0,82,365,32.2,0.37,0.71,Conservative,0.0203,88.62,Moderate
2020fbdc,Tesla Model 3,NCA,40.0,12,433,22.9,0.57,1.52,Aggressive,0.0262,92.53,Healthy
6c2d7b6d,Tesla Model Y,NCA,82.0,42,838,10.4,0.45,2.06,Aggressive,0.0635,86.82,Moderate
f7f92fee,Ford Mustang Mach-E,LFP,40.0,22,1453,21.4,0.22,1.1,Moderate,0.0496,84.24,Moderate
1d5b0bc5,Tesla Model 3,NMC,82.0,62,207,20.8,0.9,1.94,Moderate,0.0497,86.02,Moderate
0c2887f6,MG ZS EV,NCA,64.0,1,860,20.0,0.63,2.11,Conservative,0.0398,90.1,Healthy
e3f34579,Ford Mustang Mach-E,NCA,75.0,39,706,28.1,0.69,1.46,Aggressive,0.0307,90.77,Healthy
fbafa043,Nissan Leaf,NMC,75.0,82,1055,39.0,0.76,1.15,Aggressive,0.0368,82.43,Moderate
7605a523,Ford Mustang Mach-E,NCA,88.0,70,418,30.5,0.57,2.41,Conservative,0.0477,85.24,Moderate
89bc2c91,Hyundai Kona Electric,NMC,88.0,53,1428,25.0,0.64,0.98,Moderate,0.0595,81.08,Moderate
1060b539,Ford Mustang Mach-E,NCA,75.0,77,1031,27.5,0.55,2.35,Aggressive,0.0722,80.54,Moderate
9816ba7f,Tesla Model 3,NCA,50.0,77,1356,37.4,0.19,1.0,Aggressive,0.0599,81.28,Moderate
87af5cc6,Tesla Model Y,NCA,40.0,87,1374,22.0,0.74,2.43,Aggressive,0.0458,78.5,Critical
4b4ec254,Nissan Leaf,NMC,88.0,67,1192,27.4,0.59,1.39,Moderate,0.0435,83.5,Moderate
d6d8df40,Ford Mustang Mach-E,LFP,88.0,4,1038,13.1,0.45,2.42,Moderate,0.027,89.46,Moderate
905b91e0,Tesla Model 3,NCA,64.0,27,1117,24.5,0.5,1.38,Conservative,0.0618,83.34,Moderate
b7bfdb6b,Nissan Leaf,NMC,50.0,3,752,29.4,0.68,0.83,Moderate,0.079,86.8,Moderate
f694e926,Hyundai Kona Electric,NMC,88.0,72,923,38.8,0.3,1.31,Aggressive,0.0311,86.54,Moderate
13058f8f,Tesla Model 3,NCA,64.0,79,454,23.5,0.47,0.51,Conservative,0.0329,88.19,Moderate
7108a05a,MG ZS EV,LFP,75.0,69,432,21.0,0.27,0.73,Aggressive,0.0602,85.87,Moderate
ffe06746,MG ZS EV,LFP,50.0,50,1301,21.8,0.2,1.2,Aggressive,0.0475,85.6,Moderate
1c16fd63,Nissan Leaf,LFP,64.0,76,223,30.2,0.37,0.98,Moderate,0.027,90.14,Healthy
faf60f1f,Tesla Model Y,NCA,88.0,77,332,27.2,0.46,1.47,Conservative,0.0522,87.76,Moderate
f4b28dd3,Hyundai Kona Electric,NMC,64.0,63,641,14.2,0.37,1.4,Conservative,0.0232,90.5,Healthy
09ce4fca,Tesla Model 3,NCA,75.0,50,1200,25.2,0.52,1.87,Conservative,0.0449,84.42,Moderate
e8cd6dce,Hyundai Kona Electric,NCA,82.0,29,648,11.0,0.29,1.08,Aggressive,0.0668,88.15,Moderate
92289b31,Hyundai Kona Electric,NCA,40.0,15,1222,13.4,0.76,2.15,Conservative,0.042,88.01,Moderate
61afb402,Ford Mustang Mach-E,NMC,40.0,55,259,32.1,0.66,1.0,Moderate,0.0725,85.53,Moderate
44f7bf00,Tesla Model Y,NCA,82.0,16,535,16.3,0.73,1.88,Conservative,0.0717,87.95,Moderate
f256f683,MG ZS EV,LFP,50.0,27,473,34.2,0.58,1.56,Moderate,0.0558,88.03,Moderate
f1363bce,Hyundai Kona Electric,NMC,50.0,74,597,38.6,0.54,2.3,Moderate,0.0689,84.98,Moderate
cb96815b,MG ZS EV,LFP,50.0,84,309,31.0,0.21,0.79,Moderate,0.0393,88.43,Moderate
60555c19,MG ZS EV,LFP,40.0,19,1232,29.0,0.63,1.25,Aggressive,0.0245,88.22,Moderate
22b89c32,Hyundai Kona Electric,NCA,88.0,48,981,38.5,0.38,0.5,Aggressive,0.0664,82.23,Moderate
a156f9d3,Ford Mustang Mach-E,LFP,50.0,90,783,35.5,0.78,1.3,Moderate,0.0781,79.49,Critical
e5860c1d,MG ZS EV,LFP,40.0,71,1233,13.9,0.82,2.08,Conservative,0.0736,77.34,Critical
2a27f0a0,MG ZS EV,LFP,88.0,16,373,23.2,0.1,2.42,Conservative,0.0321,95.08,Healthy
746d1638,MG ZS EV,LFP,50.0,36,241,29.6,0.31,1.24,Aggressive,0.0742,86.08,Moderate
2a8b342f,Tesla Model Y,NCA,40.0,90,529,22.9,0.18,0.69,Aggressive,0.0328,85.05,Moderate
4a43d7a6,Tesla Model 3,NMC,88.0,57,69,10.2,0.39,0.74,Moderate,0.0716,85.68,Moderate
e8f96b39,MG ZS EV,NMC,50.0,12,259,13.1,0.41,1.1,Conservative,0.043,93.19,Healthy
2e4b59be,Hyundai Kona Electric,NCA,88.0,68,1203,10.3,0.65,1.38,Aggressive,0.0633,81.91,Moderate
2bff7c92,Hyundai Kona Electric,LFP,75.0,57,494,12.6,0.19,2.0,Conservative,0.0554,86.46,Moderate
af501bf9,MG ZS EV,NMC,64.0,32,617,29.3,0.31,1.7,Aggressive,0.0633,88.52,Moderate
ec862b13,Tesla Model Y,LFP,40.0,39,470,25.5,0.53,2.0,Moderate,0.0377,90.84,Healthy
fef97c92,Tesla Model Y,LFP,64.0,15,543,25.0,0.6,1.56,Aggressive,0.0787,88.75,Moderate
1871ac81,Tesla Model 3,NMC,40.0,54,798,26.4,0.25,1.44,Moderate,0.0792,81.34,Moderate
0739c21c,Hyundai Kona Electric,LFP,88.0,28,131,37.7,0.91,1.3,Aggressive,0.0372,91.57,Healthy
07a5157f,Tesla Model Y,NMC,40.0,52,218,29.2,0.56,0.81,Aggressive,0.025,91.18,Healthy
fcf00462,MG ZS EV,NMC,64.0,42,850,27.6,0.75,1.8,Conservative,0.0586,85.82,Moderate
f7846e1b,MG ZS EV,NMC,88.0,32,226,37.7,0.2,1.72,Conservative,0.0233,94.55,Healthy
f0a591a0,MG ZS EV,LFP,82.0,2,1499,14.1,0.11,1.49,Conservative,0.0408,89.18,Moderate
976ff5dd,Hyundai Kona Electric,LFP,40.0,48,309,32.5,0.84,1.97,Aggressive,0.0271,89.57,Moderate
d7495c46,Nissan Leaf,NMC,64.0,9,588,31.4,0.59,0.65,Moderate,0.0473,88.65,Moderate
34ef1de2,Tesla Model 3,NMC,88.0,21,572,33.2,0.86,1.85,Conservative,0.0269,91.09,Healthy
a779fad4,MG ZS EV,NCA,40.0,6,1016,20.9,0.88,0.86,Aggressive,0.0776,85.13,Moderate
769a927c,Tesla Model 3,NCA,40.0,54,509,19.7,0.45,1.94,Aggressive,0.0363,88.89,Moderate
55044c5e,Ford Mustang Mach-E,LFP,75.0,7,417,16.7,0.54,0.59,Conservative,0.0441,93.33,Healthy
76e8fe06,Ford Mustang Mach-E,NCA,82.0,71,985,10.2,0.27,1.63,Moderate,0.0382,84.01,Moderate
13c35a4f,MG ZS EV,NCA,50.0,26,1169,32.8,0.31,0.51,Conservative,0.0446,87.16,Moderate
002bf5d8,Tesla Model Y,LFP,50.0,43,52,32.8,0.42,1.98,Moderate,0.0385,91.73,Healthy
4894e01e,Ford Mustang Mach-E,LFP,82.0,8,341,31.3,0.18,2.34,Aggressive,0.0738,89.57,Moderate
5b380136,MG ZS EV,NMC,82.0,11,1239,12.9,0.21,2.14,Conservative,0.0245,88.3,Moderate
c8cd851b,Ford Mustang Mach-E,NMC,64.0,38,584,35.5,0.89,1.29,Conservative,0.0699,84.54,Moderate
775e026d,Tesla Model 3,NCA,75.0,26,328,33.4,0.6,0.81,Moderate,0.0299,91.35,Healthy
49e5c338,MG ZS EV,NCA,88.0,27,975,19.2,0.33,0.74,Aggressive,0.0295,88.57,Moderate
1afdd2bb,Tesla Model 3,NCA,64.0,6,490,35.1,0.38,0.68,Moderate,0.0349,92.4,Healthy
296e33ff,Tesla Model 3,NMC,50.0,34,406,10.9,0.44,1.4,Conservative,0.0649,86.26,Moderate
1f3288fd,MG ZS EV,NMC,64.0,2,176,34.9,0.94,0.76,Aggressive,0.0694,90.89,Healthy
4b3f4b12,Tesla Model Y,NMC,88.0,76,580,37.5,0.16,2.49,Moderate,0.0319,87.28,Moderate
763a5742,Tesla Model 3,LFP,88.0,16,137,38.3,0.14,2.35,Aggressive,0.046,92.73,Healthy
e7c80d0c,Nissan Leaf,NCA,50.0,55,403,20.6,0.87,1.05,Conservative,0.0468,85.3,Moderate
e455f863,Tesla Model Y,NCA,75.0,83,654,25.0,0.85,1.46,Aggressive,0.0253,84.41,Moderate
b98ddb56,Nissan Leaf,LFP,88.0,32,1341,39.8,0.56,0.54,Moderate,0.0429,84.76,Moderate
81e56765,Ford Mustang Mach-E,NMC,40.0,73,1078,19.6,0.33,0.55,Moderate,0.0558,84.11,Moderate
73a11538,Nissan Leaf,NCA,88.0,68,782,33.0,0.95,2.45,Conservative,0.026,85.11,Moderate
1c77883d,Nissan Leaf,LFP,50.0,29,1229,35.4,0.78,1.21,Aggressive,0.0704,81.64,Moderate
05a476ad,Tesla Model Y,LFP,82.0,90,784,37.4,0.12,1.9,Aggressive,0.0769,79.52,Critical
af0638e0,Ford Mustang Mach-E,NCA,82.0,40,409,24.7,0.18,0.97,Conservative,0.0331,91.0,Healthy
63eee243,MG ZS EV,NMC,40.0,17,747,31.5,0.88,2.19,Conservative,0.0394,87.8,Moderate
f15a931b,Ford Mustang Mach-E,NMC,40.0,68,797,38.8,0.42,2.38,Conservative,0.0437,84.71,Moderate
79f44f46,Nissan Leaf,LFP,82.0,94,944,33.8,0.92,1.8,Conservative,0.0305,83.64,Moderate
2afbc8a7,MG ZS EV,NCA,50.0,86,1256,34.4,0.42,1.97,Moderate,0.0377,83.15,Moderate
77f36f4d,Hyundai Kona Electric,NMC,88.0,73,116,15.5,0.37,2.12,Moderate,0.0567,87.43,Moderate
4b769673,MG ZS EV,NCA,40.0,96,209,17.1,0.94,0.84,Aggressive,0.0731,83.37,Moderate
f9482c80,Tesla Model 3,LFP,40.0,43,964,10.3,0.28,1.89,Moderate,0.041,87.96,Moderate
3818aa62,Hyundai Kona Electric,NCA,82.0,94,909,39.1,0.85,1.49,Aggressive,0.0427,81.47,Moderate
cb30f310,Tesla Model 3,NMC,64.0,88,511,14.9,0.16,2.19,Moderate,0.0377,85.36,Moderate
63f1cbb4,Nissan Leaf,LFP,64.0,22,818,14.8,0.16,2.38,Aggressive,0.0787,86.34,Moderate
0b43ff8a,Tesla Model Y,LFP,40.0,4,933,38.3,0.24,2.28,Aggressive,0.0294,90.92,Healthy
1c80c4b6,Hyundai Kona Electric,NMC,82.0,71,1156,18.0,0.34,0.98,Conservative,0.023,85.76,Moderate
dbe4cf3b,Tesla Model Y,NMC,50.0,47,57,22.8,0.35,1.82,Aggressive,0.056,88.04,Moderate
d8339907,MG ZS EV,NCA,88.0,38,217,24.2,0.2,2.07,Moderate,0.0483,89.71,Moderate
25ffb649,Ford Mustang Mach-E,NCA,75.0,24,809,36.6,0.41,1.39,Conservative,0.0358,88.69,Moderate
7c4cac8d,Tesla Model 3,LFP,82.0,20,1476,30.0,0.17,1.19,Aggressive,0.0525,84.34,Moderate
c41d638c,MG ZS EV,NMC,64.0,54,1146,30.6,0.9,1.65,Aggressive,0.0341,83.06,Moderate
8fc9fc83,Tesla Model Y,NMC,75.0,74,1108,34.0,0.68,1.74,Conservative,0.0272,83.15,Moderate
32141216,Nissan Leaf,LFP,88.0,17,137,22.7,0.94,1.37,Moderate,0.0798,86.69,Moderate
dcc2587c,Tesla Model 3,NCA,82.0,94,187,12.6,0.57,1.6,Aggressive,0.0714,83.1,Moderate
68353fde,Tesla Model 3,NMC,82.0,76,1120,33.5,0.2,0.8,Aggressive,0.054,83.55,Moderate
c100682d,Nissan Leaf,LFP,88.0,13,635,36.0,0.85,2.26,Conservative,0.0358,90.45,Healthy
fdd66ce3,Ford Mustang Mach-E,NCA,75.0,23,614,22.1,0.63,1.86,Conservative,0.0441,90.98,Healthy
e206794b,Hyundai Kona Electric,NCA,64.0,7,1023,37.6,0.86,0.54,Aggressive,0.069,84.95,Moderate
388eda23,Nissan Leaf,NCA,64.0,13,516,14.0,0.93,1.39,Conservative,0.0695,88.49,Moderate
65dfa7be,Nissan Leaf,NMC,64.0,25,954,16.3,0.8,1.98,Conservative,0.0656,86.35,Moderate
a2f561a7,Tesla Model Y,NMC,50.0,40,1087,22.1,0.76,1.55,Conservative,0.0541,83.21,Moderate
d39212a5,MG ZS EV,NMC,75.0,5,984,11.5,0.41,0.9,Aggressive,0.0421,89.67,Moderate
b8588fc1,Ford Mustang Mach-E,NMC,82.0,4,545,21.2,0.6,0.86,Moderate,0.0722,88.74,Moderate
c1a23972,MG ZS EV,NMC,50.0,96,1460,12.7,0.12,0.6,Aggressive,0.0712,79.09,Critical
916e075c,Tesla Model Y,NCA,88.0,27,601,29.5,0.54,2.23,Conservative,0.078,83.99,Moderate
712d511d,Hyundai Kona Electric,LFP,88.0,77,67,16.7,0.62,2.39,Moderate,0.0628,86.56,Moderate
ba8057c0,Nissan Leaf,NCA,82.0,59,566,16.5,0.36,1.54,Moderate,0.0574,84.4,Moderate
70092735,MG ZS EV,LFP,64.0,72,1375,27.8,0.34,1.87,Moderate,0.0489,83.75,Moderate
1cb0fdcf,Nissan Leaf,LFP,50.0,34,1393,31.3,0.86,1.1,Aggressive,0.029,87.29,Moderate
ebada3cf,MG ZS EV,NMC,75.0,41,1444,14.2,0.12,1.49,Aggressive,0.0377,85.11,Moderate
d931b405,MG ZS EV,LFP,88.0,91,1221,34.5,0.39,1.93,Aggressive,0.0612,80.85,Moderate
ac37466f,MG ZS EV,NCA,50.0,39,398,35.2,0.85,0.86,Conservative,0.0259,91.56,Healthy
cb18fc64,Ford Mustang Mach-E,LFP,75.0,88,737,29.6,0.29,0.95,Moderate,0.0723,82.62,Moderate
e669afcb,Tesla Model 3,LFP,82.0,75,652,23.9,0.2,0.61,Conservative,0.0581,86.31,Moderate
89de2c99,Tesla Model Y,LFP,50.0,65,295,36.0,0.42,1.1,Moderate,0.0232,88.71,Moderate
928af61b,Tesla Model Y,LFP,64.0,73,987,14.3,0.83,0.86,Aggressive,0.0248,85.61,Moderate
076da66c,Tesla Model 3,NMC,50.0,8,59,23.6,0.28,2.05,Aggressive,0.0546,93.0,Healthy
fb98dfe3,Ford Mustang Mach-E,NMC,82.0,56,1347,22.9,0.46,1.45,Moderate,0.0203,84.63,Moderate
7dc5d9a9,Tesla Model 3,LFP,64.0,68,440,10.5,0.1,1.97,Aggressive,0.0336,88.05,Moderate
d8a58a59,Nissan Leaf,LFP,88.0,76,676,15.0,0.8,1.1,Moderate,0.0374,85.28,Moderate
b285d7c1,Tesla Model Y,NCA,75.0,88,324,20.3,0.87,1.22,Conservative,0.0313,84.55,Moderate
879488f6,MG ZS EV,LFP,40.0,28,94,27.7,0.24,1.23,Aggressive,0.059,90.41,Healthy
d0abbde2,Hyundai Kona Electric,LFP,40.0,80,149,27.8,0.14,0.72,Moderate,0.0702,86.31,Moderate
3ae8feae,MG ZS EV,NMC,40.0,16,1170,17.6,0.7,0.91,Aggressive,0.0611,84.56,Moderate
02fb3fc3,Tesla Model 3,LFP,82.0,67,602,28.7,0.7,1.34,Conservative,0.0739,83.72,Moderate
492f09c7,Hyundai Kona Electric,LFP,50.0,14,1069,16.0,0.27,1.03,Conservative,0.0514,87.29,Moderate
044d7baf,Tesla Model 3,NMC,40.0,6,1172,24.9,0.28,2.37,Aggressive,0.0398,87.17,Moderate
ba40c729,MG ZS EV,NMC,40.0,86,1061,14.5,0.18,1.52,Moderate,0.0634,82.73,Moderate
2719c25e,MG ZS EV,LFP,64.0,38,590,23.9,0.18,0.85,Moderate,0.0224,90.85,Healthy
9db38e27,Ford Mustang Mach-E,LFP,88.0,95,287,12.8,0.74,0.59,Moderate,0.0711,82.96,Moderate
fdcc018c,Hyundai Kona Electric,LFP,75.0,80,599,36.4,0.18,2.13,Moderate,0.031,86.75,Moderate
4d33db52,Tesla Model Y,NMC,88.0,89,1029,34.0,0.65,2.09,Moderate,0.0268,84.66,Moderate
749fc598,MG ZS EV,NCA,64.0,76,1038,34.1,0.68,0.86,Conservative,0.0428,83.54,Moderate
1c59ffa3,MG ZS EV,NCA,64.0,62,1049,13.4,0.45,0.59,Aggressive,0.0357,83.37,Moderate
95642e4d,Tesla Model 3,LFP,88.0,74,1207,16.7,0.91,2.25,Aggressive,0.0511,81.92,Moderate
d9a4aa85,Nissan Leaf,NMC,82.0,94,559,24.5,0.66,1.78,Conservative,0.0289,87.04,Moderate
d9043ea7,Ford Mustang Mach-E,LFP,75.0,83,371,25.2,0.5,1.49,Conservative,0.0299,86.8,Moderate
86b9f800,Hyundai Kona Electric,NMC,75.0,65,506,26.5,0.42,2.13,Moderate,0.0247,90.17,Healthy
3c93530c,Nissan Leaf,NMC,75.0,58,697,13.6,0.52,1.81,Conservative,0.0262,86.36,Moderate
fa1c4b23,Ford Mustang Mach-E,NMC,75.0,78,1317,29.1,0.86,1.62,Conservative,0.0593,81.33,Moderate
51afca47,Tesla Model 3,NCA,88.0,59,729,26.8,0.63,1.45,Conservative,0.0594,84.25,Moderate
257346d0,Tesla Model 3,NMC,64.0,1,749,20.7,0.64,2.1,Moderate,0.0529,90.41,Healthy
520241eb,Tesla Model Y,NCA,75.0,18,888,13.2,0.62,0.88,Moderate,0.0758,84.16,Moderate
443b109b,Nissan Leaf,NCA,75.0,14,898,11.4,0.64,1.84,Conservative,0.0274,90.2,Healthy
fcc57fbe,Tesla Model Y,NCA,75.0,64,58,25.9,0.14,2.37,Aggressive,0.0703,88.98,Moderate
4b73f171,Nissan Leaf,NCA,75.0,23,312,13.1,0.66,1.71,Conservative,0.0393,91.02,Healthy
acaa5503,MG ZS EV,NCA,75.0,36,864,38.9,0.92,1.41,Moderate,0.028,88.57,Moderate
704eb75f,MG ZS EV,LFP,50.0,90,1171,35.8,0.71,2.37,Aggressive,0.058,78.56,Critical
a5d44a77,Ford Mustang Mach-E,NCA,82.0,45,1427,14.0,0.7,2.45,Conservative,0.0307,85.57,Moderate
a688d3ec,Nissan Leaf,LFP,88.0,46,1201,24.4,0.59,1.83,Moderate,0.045,86.21,Moderate
4c411535,Tesla Model Y,LFP,64.0,2,1120,13.2,0.42,0.61,Aggressive,0.0234,92.06,Healthy
2bafade2,Hyundai Kona Electric,NMC,40.0,33,349,35.2,0.69,1.09,Aggressive,0.0652,87.15,Moderate
c982aecc,MG ZS EV,NMC,88.0,87,1200,35.9,0.73,1.62,Moderate,0.0343,81.3,Moderate
b38cdb70,Tesla Model Y,NCA,40.0,50,903,38.7,0.93,1.13,Moderate,0.0531,85.29,Moderate
49712c13,MG ZS EV,NMC,82.0,29,1347,31.1,0.65,2.01,Moderate,0.0528,83.15,Moderate
4d2e1c8e,Hyundai Kona Electric,LFP,40.0,58,413,39.5,0.16,2.42,Aggressive,0.0641,86.07,Moderate
49cce9cf,Ford Mustang Mach-E,NCA,50.0,34,316,14.8,0.82,0.51,Conservative,0.048,87.42,Moderate
8e19a31e,Ford Mustang Mach-E,NCA,40.0,81,1310,35.3,0.36,2.08,Conservative,0.053,82.09,Moderate
2d750b38,Tesla Model Y,NCA,40.0,24,1116,12.0,0.53,1.33,Moderate,0.0522,85.62,Moderate
f05a88bd,MG ZS EV,NMC,82.0,43,788,18.8,0.91,1.74,Conservative,0.0485,87.24,Moderate
b3dd2613,Ford Mustang Mach-E,LFP,40.0,86,758,23.4,0.87,1.73,Conservative,0.0573,82.59,Moderate
149762c3,Nissan Leaf,LFP,64.0,50,575,26.2,0.34,2.32,Moderate,0.0693,85.57,Moderate
f1fbd607,Nissan Leaf,NCA,50.0,6,657,36.9,0.26,1.53,Conservative,0.0769,89.91,Moderate
ff66cfdf,MG ZS EV,NCA,40.0,81,184,16.3,0.64,0.93,Moderate,0.0611,84.03,Moderate
cb3bcc48,Tesla Model Y,LFP,40.0,83,197,32.4,0.23,1.42,Aggressive,0.0399,86.22,Moderate
c26cdcd1,Tesla Model 3,LFP,75.0,10,1227,34.6,0.87,1.32,Aggressive,0.0471,86.35,Moderate
7b9dd7ca,Tesla Model 3,LFP,40.0,16,1145,10.2,0.71,0.63,Aggressive,0.0648,85.9,Moderate
e641d44c,MG ZS EV,NMC,75.0,14,643,33.6,0.36,0.67,Moderate,0.0659,87.88,Moderate
0719e8ce,Tesla Model Y,LFP,64.0,21,1142,16.6,0.73,2.09,Aggressive,0.071,85.89,Moderate
d3c14275,Nissan Leaf,NCA,40.0,94,1376,21.2,0.91,1.61,Moderate,0.0533,76.62,Critical
74cc47ed,MG ZS EV,NCA,64.0,69,1171,38.4,0.36,2.0,Conservative,0.0742,79.33,Critical
efade865,Nissan Leaf,LFP,82.0,21,426,16.6,0.81,0.89,Aggressive,0.0309,92.89,Healthy
0e173f30,Ford Mustang Mach-E,NMC,75.0,71,199,18.7,0.16,0.7,Aggressive,0.0635,88.46,Moderate
45bdac6b,MG ZS EV,LFP,75.0,84,530,13.0,0.63,2.3,Aggressive,0.0391,84.77,Moderate
22e9f8bb,Tesla Model Y,NCA,40.0,75,362,27.0,0.41,1.13,Aggressive,0.0457,86.05,Moderate
94c23a0f,Ford Mustang Mach-E,LFP,75.0,83,943,18.3,0.41,1.86,Moderate,0.0399,83.69,Moderate
4ba8dbe8,Tesla Model Y,LFP,50.0,71,272,15.3,0.62,2.18,Aggressive,0.0715,86.14,Moderate
f473e7cc,Nissan Leaf,NMC,82.0,81,206,31.8,0.86,2.2,Conservative,0.0579,85.3,Moderate
0cd44ce3,Nissan Leaf,NCA,64.0,71,583,26.3,0.95,1.44,Moderate,0.0665,82.42,Moderate
f84ffcac,Nissan Leaf,NCA,50.0,18,1001,25.0,0.18,1.23,Conservative,0.0206,92.53,Healthy
b2820173,Hyundai Kona Electric,LFP,50.0,66,337,23.4,0.25,2.4,Conservative,0.0596,87.52,Moderate
149b50f9,Ford Mustang Mach-E,LFP,82.0,29,1048,17.0,0.32,0.97,Moderate,0.0601,87.42,Moderate
17ad7ead,MG ZS EV,LFP,88.0,59,145,11.2,0.65,0.71,Aggressive,0.0781,86.76,Moderate
9e46e5eb,Hyundai Kona Electric,NMC,40.0,70,1217,15.2,0.66,1.23,Aggressive,0.0592,81.14,Moderate
e5cdfbdf,Tesla Model Y,LFP,40.0,52,772,34.5,0.39,2.09,Conservative,0.0732,83.89,Moderate
cf7496ed,Tesla Model 3,NCA,82.0,30,207,25.4,0.34,0.8,Conservative,0.0294,93.81,Healthy
940025e1,Hyundai Kona Electric,NMC,50.0,54,726,31.6,0.51,1.46,Conservative,0.0326,88.36,Moderate
1a5fe03e,Tesla Model Y,LFP,82.0,6,311,27.2,0.24,1.76,Conservative,0.0224,93.83,Healthy
50ef034f,Tesla Model 3,NMC,88.0,67,880,28.0,0.58,0.54,Moderate,0.0632,84.05,Moderate
5f03a157,Tesla Model Y,NCA,82.0,78,1015,36.0,0.24,2.16,Aggressive,0.0561,83.88,Moderate
36c7c9b1,Hyundai Kona Electric,NMC,40.0,66,591,15.0,0.68,2.34,Conservative,0.0558,83.74,Moderate
5830cd1f,Hyundai Kona Electric,NCA,82.0,3,464,25.7,0.87,1.87,Aggressive,0.0696,87.13,Moderate
336f8101,Tesla Model 3,NCA,82.0,5,1138,25.1,0.2,1.46,Aggressive,0.0278,90.89,Healthy
7e933808,Hyundai Kona Electric,LFP,75.0,56,1119,22.6,0.84,1.9,Aggressive,0.0457,84.83,Moderate
175e558f,Nissan Leaf,LFP,40.0,95,1476,27.3,0.46,1.01,Moderate,0.066,76.63,Critical
7513f601,Tesla Model Y,NCA,40.0,25,61,31.3,0.77,1.66,Moderate,0.0271,92.95,Healthy
483d7e95,Ford Mustang Mach-E,NCA,82.0,53,791,13.2,0.46,1.67,Moderate,0.0357,87.01,Moderate
d6fcaf61,Hyundai Kona Electric,LFP,64.0,88,863,32.6,0.45,2.07,Moderate,0.0489,83.09,Moderate
03b8fe98,Hyundai Kona Electric,NCA,40.0,74,755,33.2,0.44,0.78,Conservative,0.0718,83.24,Moderate
87befa65,Tesla Model Y,LFP,88.0,13,489,25.3,0.77,2.1,Aggressive,0.0568,90.12,Healthy
566c1887,Tesla Model 3,NCA,64.0,1,236,34.7,0.5,1.7,Conservative,0.0253,94.1,Healthy
49db8b72,Tesla Model Y,NCA,82.0,93,837,37.9,0.44,1.81,Moderate,0.0372,82.0,Moderate
db8d3d94,Nissan Leaf,NCA,40.0,57,71,16.1,0.66,2.11,Aggressive,0.0372,91.18,Healthy
d1bdf591,Ford Mustang Mach-E,LFP,50.0,30,1309,15.1,0.13,0.98,Moderate,0.02,87.14,Moderate
de6060fe,MG ZS EV,NCA,40.0,86,859,22.2,0.27,0.53,Aggressive,0.0622,82.26,Moderate
0cac19b1,Ford Mustang Mach-E,NMC,75.0,45,761,38.9,0.34,1.71,Moderate,0.0317,89.04,Moderate
ab93bbd6,Nissan Leaf,NCA,82.0,65,268,26.8,0.53,1.18,Moderate,0.027,91.53,Healthy
3b903189,Nissan Leaf,NMC,75.0,89,956,39.0,0.58,2.04,Moderate,0.0654,81.13,Moderate
a66c028f,Hyundai Kona Electric,LFP,50.0,15,578,12.0,0.64,2.49,Aggressive,0.0606,89.77,Moderate
132142d0,Tesla Model 3,NCA,88.0,69,69,31.0,0.32,1.07,Conservative,0.0439,90.39,Healthy
a4b8df6a,Tesla Model Y,LFP,88.0,61,692,20.6,0.86,1.04,Aggressive,0.0768,83.98,Moderate
e329a4c1,Ford Mustang Mach-E,NMC,50.0,26,530,32.1,0.84,0.91,Conservative,0.0322,91.72,Healthy
9326c38d,Hyundai Kona Electric,LFP,82.0,16,210,30.3,0.66,1.73,Aggressive,0.0659,91.59,Healthy
dffb2724,Nissan Leaf,LFP,50.0,41,1058,36.9,0.85,1.65,Moderate,0.0365,88.02,Moderate
9eccf386,Hyundai Kona Electric,NCA,40.0,29,1231,13.8,0.55,1.35,Conservative,0.0764,82.79,Moderate
6c6d68fc,Tesla Model 3,LFP,50.0,59,296,30.9,0.49,1.88,Moderate,0.0207,90.27,Healthy
ebd6be40,Hyundai Kona Electric,LFP,64.0,79,581,15.6,0.32,1.04,Conservative,0.0775,81.85,Moderate
e8b7188c,Nissan Leaf,NCA,82.0,54,1485,32.6,0.41,1.3,Conservative,0.047,81.26,Moderate
3a386fff,Tesla Model 3,NMC,88.0,13,602,34.1,0.57,2.21,Moderate,0.0318,90.23,Healthy
d7ac84dc,Nissan Leaf,NCA,75.0,64,325,39.9,0.82,1.53,Conservative,0.0632,84.5,Moderate
4e50defb,MG ZS EV,LFP,88.0,51,252,30.7,0.15,2.13,Moderate,0.0486,87.89,Moderate
d0cdd3dd,MG ZS EV,NCA,40.0,47,787,26.8,0.89,1.02,Conservative,0.0212,87.81,Moderate
fc8af140,Hyundai Kona Electric,NCA,64.0,74,1229,29.5,0.56,2.46,Moderate,0.0371,83.8,Moderate
dffa9524,Ford Mustang Mach-E,LFP,88.0,11,830,28.4,0.49,2.41,Aggressive,0.0721,88.01,Moderate
c69ee60b,Ford Mustang Mach-E,NCA,64.0,79,1220,22.1,0.87,0.66,Moderate,0.0406,81.05,Moderate
a6d70ac2,Hyundai Kona Electric,LFP,88.0,78,1370,21.9,0.85,2.06,Conservative,0.0763,77.93,Critical
f4cfdffd,Tesla Model Y,LFP,88.0,24,97,13.8,0.3,1.0,Conservative,0.0646,88.86,Moderate
0e0f885d,Tesla Model 3,NMC,82.0,13,180,38.1,0.5,0.61,Moderate,0.0663,91.49,Healthy
a16d5b69,MG ZS EV,NMC,88.0,80,368,12.5,0.89,1.28,Conservative,0.0338,85.74,Moderate
a5ce6070,Nissan Leaf,LFP,75.0,68,399,10.9,0.66,2.22,Aggressive,0.0395,87.16,Moderate
0c10ccb8,Nissan Leaf,LFP,88.0,57,326,39.1,0.69,0.85,Aggressive,0.0559,87.84,Moderate
4ef5802a,Ford Mustang Mach-E,LFP,40.0,82,1359,26.0,0.87,1.46,Moderate,0.0336,81.31,Moderate
007888ca,Tesla Model 3,NCA,64.0,20,671,10.3,0.54,2.02,Moderate,0.0282,91.02,Healthy
e77295db,Tesla Model Y,LFP,40.0,62,663,10.3,0.47,1.09,Aggressive,0.0339,87.59,Moderate
0cb0f7c4,Hyundai Kona Electric,NCA,50.0,56,858,17.5,0.71,1.79,Conservative,0.0697,81.89,Moderate
0f9062f3,Tesla Model 3,NMC,64.0,67,1305,34.2,0.68,1.07,Conservative,0.0646,79.95,Critical
017df8e6,Tesla Model Y,NMC,50.0,38,276,29.1,0.63,1.04,Aggressive,0.0574,87.86,Moderate
ee20f664,Tesla Model Y,NMC,40.0,3,430,39.2,0.34,0.75,Moderate,0.0463,91.23,Healthy
1ea323a0,Ford Mustang Mach-E,NMC,88.0,28,750,22.6,0.77,1.5,Conservative,0.0423,89.41,Moderate
30cacea8,Tesla Model 3,NMC,64.0,8,595,33.3,0.16,1.44,Aggressive,0.0315,94.18,Healthy
8304067d,Tesla Model 3,NCA,75.0,32,838,33.1,0.48,1.98,Aggressive,0.022,91.03,Healthy
73d7efa1,Nissan Leaf,NCA,88.0,27,1018,21.7,0.92,2.37,Conservative,0.0295,86.13,Moderate
7eeb36c9,Tesla Model Y,NCA,50.0,33,1035,29.2,0.27,2.28,Moderate,0.0718,86.36,Moderate
ac443c73,Nissan Leaf,NCA,40.0,42,80,15.0,0.33,0.74,Moderate,0.0673,90.73,Healthy
4b9a3824,MG ZS EV,NMC,88.0,89,1271,14.6,0.76,1.0,Conservative,0.05,80.48,Moderate
88254c58,MG ZS EV,LFP,64.0,46,1370,14.6,0.56,0.71,Moderate,0.0493,85.35,Moderate
9da4137b,Hyundai Kona Electric,NCA,40.0,94,445,10.6,0.42,1.95,Moderate,0.035,85.86,Moderate
867ffc8a,Nissan Leaf,NCA,75.0,70,1477,24.7,0.58,1.59,Conservative,0.0394,81.02,Moderate
8942a624,Nissan Leaf,LFP,40.0,9,1137,14.7,0.35,1.03,Aggressive,0.042,89.8,Moderate
fe0ff241,Nissan Leaf,LFP,40.0,24,88,28.6,0.41,1.74,Conservative,0.0392,93.53,Healthy
0a7e9e55,Tesla Model 3,NCA,88.0,68,1449,24.9,0.57,1.73,Aggressive,0.0394,81.52,Moderate
ebc575b8,Tesla Model 3,NCA,75.0,9,139,35.1,0.21,2.25,Aggressive,0.0321,93.72,Healthy
aeb013b9,Tesla Model 3,NMC,50.0,50,1397,24.7,0.63,1.68,Conservative,0.0229,85.89,Moderate
35044fcc,Hyundai Kona Electric,LFP,64.0,84,1056,37.9,0.81,1.44,Aggressive,0.0583,80.78,Moderate
c1664341,Tesla Model 3,NMC,50.0,8,1313,18.0,0.13,0.64,Aggressive,0.0382,90.56,Healthy
41cd5c99,Nissan Leaf,LFP,50.0,30,1138,21.6,0.26,1.81,Aggressive,0.0542,86.2,Moderate
063b4312,Tesla Model Y,NCA,40.0,14,1357,27.3,0.67,1.91,Moderate,0.0456,84.86,Moderate
6c92d86d,Ford Mustang Mach-E,LFP,64.0,65,741,29.7,0.55,1.7,Moderate,0.076,82.6,Moderate
9865f305,MG ZS EV,LFP,75.0,82,931,34.8,0.37,0.98,Moderate,0.0527,83.84,Moderate
7cd8bb5d,Ford Mustang Mach-E,NMC,40.0,58,966,38.8,0.1,0.57,Moderate,0.0371,86.69,Moderate
603d8b4a,Nissan Leaf,NCA,64.0,29,489,35.7,0.12,2.14,Aggressive,0.0614,90.53,Healthy
08fdd0c0,Ford Mustang Mach-E,LFP,82.0,74,366,12.8,0.49,0.81,Conservative,0.0359,86.68,Moderate
13a547ad,MG ZS EV,NCA,75.0,74,868,27.1,0.28,0.65,Aggressive,0.0395,83.92,Moderate
a4d64c14,Ford Mustang Mach-E,LFP,40.0,13,1269,29.3,0.13,2.12,Moderate,0.0429,89.75,Moderate
f65928eb,MG ZS EV,LFP,40.0,54,296,36.1,0.29,1.81,Conservative,0.0561,88.55,Moderate
5363ff38,MG ZS EV,NCA,50.0,40,1123,11.2,0.56,0.8,Moderate,0.0501,83.67,Moderate
78001f55,Tesla Model 3,LFP,50.0,58,1268,27.3,0.18,1.36,Aggressive,0.0672,80.47,Moderate
a7a1ff28,Tesla Model Y,LFP,88.0,96,150,26.4,0.32,1.3,Aggressive,0.0461,84.84,Moderate
d447db82,Tesla Model 3,LFP,82.0,26,1049,21.9,0.59,1.62,Moderate,0.0798,82.5,Moderate
ebbc4e89,Ford Mustang Mach-E,NCA,64.0,42,1452,37.7,0.18,1.84,Aggressive,0.0454,83.24,Moderate
d31b21fa,Tesla Model 3,NMC,82.0,4,674,15.1,0.4,2.14,Conservative,0.0682,87.27,Moderate
54aca1c9,Tesla Model Y,LFP,50.0,88,815,14.7,0.72,0.67,Conservative,0.0644,82.8,Moderate
b1731cd9,Tesla Model Y,NCA,88.0,44,1470,34.1,0.36,1.44,Aggressive,0.0399,84.57,Moderate
5542326d,MG ZS EV,NCA,40.0,34,1173,24.5,0.72,0.78,Conservative,0.0619,83.29,Moderate
0b2a78e9,Tesla Model 3,NMC,75.0,33,398,11.8,0.27,1.89,Moderate,0.0363,91.82,Healthy
268233e8,MG ZS EV,LFP,64.0,85,605,29.9,0.88,1.22,Conservative,0.0265,87.23,Moderate
50c3d19a,Tesla Model Y,NCA,82.0,49,1091,39.3,0.18,1.13,Moderate,0.072,81.42,Moderate
a7ef169f,Ford Mustang Mach-E,NCA,88.0,72,94,11.2,0.88,1.11,Moderate,0.0494,85.7,Moderate
f955f309,Hyundai Kona Electric,NMC,40.0,46,1330,19.1,0.95,2.46,Aggressive,0.0366,84.61,Moderate
9c60c0ff,MG ZS EV,NCA,75.0,36,511,14.6,0.86,1.81,Aggressive,0.0253,90.4,Healthy
751f7602,Nissan Leaf,NMC,82.0,88,515,22.5,0.59,1.35,Conservative,0.0387,84.65,Moderate
2098818e,Nissan Leaf,NMC,88.0,84,333,27.4,0.68,0.9,Moderate,0.0283,88.25,Moderate
7c84feb5,Ford Mustang Mach-E,NMC,88.0,19,1393,38.0,0.88,1.13,Aggressive,0.0534,82.89,Moderate
abb10e44,Ford Mustang Mach-E,NMC,88.0,4,702,36.4,0.45,1.32,Conservative,0.0466,92.34,Healthy
00490016,Nissan Leaf,NMC,82.0,14,319,15.5,0.75,1.72,Conservative,0.036,92.63,Healthy
ff16e354,MG ZS EV,LFP,82.0,88,103,20.8,0.68,1.45,Conservative,0.0501,85.95,Moderate
92e7c0f0,Hyundai Kona Electric,NMC,40.0,50,1056,24.2,0.24,0.95,Aggressive,0.0445,87.49,Moderate
9ba3044f,Ford Mustang Mach-E,LFP,82.0,86,465,32.7,0.16,2.35,Conservative,0.0791,82.52,Moderate
612beadb,MG ZS EV,NCA,75.0,55,879,33.3,0.62,2.15,Aggressive,0.0632,84.09,Moderate
e48bb430,Tesla Model 3,NMC,75.0,69,1125,29.2,0.7,0.58,Aggressive,0.0266,86.1,Moderate
5fa6a6f6,Hyundai Kona Electric,LFP,40.0,69,860,39.5,0.13,1.27,Moderate,0.0659,82.09,Moderate
e00778e0,MG ZS EV,LFP,50.0,37,994,15.0,0.35,2.34,Conservative,0.0614,85.08,Moderate
95db13af,Ford Mustang Mach-E,LFP,50.0,93,1075,13.4,0.76,2.38,Conservative,0.0618,79.06,Critical
45a9eb8c,MG ZS EV,NCA,64.0,23,979,27.7,0.71,0.9,Conservative,0.0473,86.41,Moderate
7a0cf35e,Nissan Leaf,NCA,88.0,92,303,12.7,0.7,1.77,Conservative,0.0251,86.75,Moderate
931b063c,Tesla Model Y,NMC,88.0,49,1177,21.4,0.75,2.32,Conservative,0.0539,84.76,Moderate
67044899,Tesla Model Y,NMC,88.0,92,155,22.6,0.36,2.04,Conservative,0.0468,85.19,Moderate
111bcc58,Tesla Model Y,NMC,82.0,80,568,10.4,0.52,1.5,Aggressive,0.0684,84.41,Moderate
2429a609,MG ZS EV,NCA,82.0,85,1024,23.6,0.48,1.7,Conservative,0.0204,84.19,Moderate
f3a488c6,Nissan Leaf,LFP,88.0,7,428,14.4,0.66,0.57,Moderate,0.0712,89.17,Moderate
4412c0bf,Nissan Leaf,NCA,88.0,12,150,13.3,0.94,0.82,Aggressive,0.0371,93.47,Healthy
e4495243,Hyundai Kona Electric,NMC,64.0,23,982,32.5,0.41,0.57,Moderate,0.0661,85.29,Moderate
7594a768,Tesla Model Y,NCA,82.0,71,182,18.8,0.21,1.89,Conservative,0.0365,89.0,Moderate
d46b80ce,Nissan Leaf,NCA,75.0,79,169,13.3,0.72,1.76,Moderate,0.0792,84.37,Moderate
646c6a53,Hyundai Kona Electric,NCA,50.0,55,1296,35.4,0.32,1.65,Aggressive,0.0574,83.2,Moderate
711d2865,Tesla Model 3,LFP,50.0,81,1069,24.8,0.25,1.72,Aggressive,0.0625,79.43,Critical
843f1c69,Tesla Model Y,NMC,82.0,16,474,34.0,0.95,1.33,Aggressive,0.04,91.67,Healthy
3d9f7073,Tesla Model 3,NCA,64.0,26,1463,18.4,0.77,1.12,Moderate,0.0504,85.09,Moderate
a2211108,MG ZS EV,LFP,64.0,44,861,31.7,0.62,0.56,Moderate,0.0305,89.22,Moderate
7cdf95be,Hyundai Kona Electric,NCA,64.0,5,1372,14.1,0.23,1.42,Conservative,0.0719,84.94,Moderate
3bcd93ca,Ford Mustang Mach-E,NMC,82.0,67,663,26.9,0.68,1.61,Conservative,0.0211,88.6,Moderate
108c2220,Nissan Leaf,NMC,82.0,36,113,20.2,0.42,1.57,Moderate,0.03,92.27,Healthy
f7f1942c,Ford Mustang Mach-E,NMC,64.0,91,694,31.3,0.33,0.67,Aggressive,0.0726,81.14,Moderate
f1995f5c,Hyundai Kona Electric,NCA,75.0,39,408,13.4,0.77,2.06,Conservative,0.0748,85.84,Moderate
98731211,Tesla Model 3,NCA,50.0,25,746,37.7,0.72,1.55,Aggressive,0.0665,87.26,Moderate
686984f7,Tesla Model 3,NCA,40.0,17,470,31.7,0.49,1.93,Aggressive,0.0513,89.42,Moderate
6041a412,Ford Mustang Mach-E,NCA,64.0,12,732,24.0,0.14,1.54,Conservative,0.0595,87.24,Moderate
30eb1259,Tesla Model Y,LFP,40.0,42,460,15.8,0.34,1.14,Conservative,0.0465,88.1,Moderate
2dc15c70,MG ZS EV,LFP,64.0,2,1325,26.8,0.19,1.59,Aggressive,0.053,86.1,Moderate
167403c7,MG ZS EV,NMC,50.0,32,400,12.1,0.62,1.18,Conservative,0.0466,87.66,Moderate
b94a147e,MG ZS EV,LFP,88.0,50,160,12.6,0.43,1.91,Aggressive,0.0735,88.33,Moderate
e96c091b,Hyundai Kona Electric,NCA,40.0,46,689,20.0,0.27,2.02,Conservative,0.0686,87.37,Moderate
f18ca6af,Tesla Model Y,NMC,75.0,12,1480,24.0,0.49,1.87,Aggressive,0.0626,84.28,Moderate
de00f836,Tesla Model 3,NMC,64.0,34,794,21.8,0.69,1.83,Moderate,0.0673,85.01,Moderate
2197be82,Tesla Model 3,LFP,82.0,15,769,24.4,0.82,1.06,Aggressive,0.0409,87.73,Moderate
cc128f6a,Nissan Leaf,NMC,82.0,14,717,26.7,0.16,1.1,Aggressive,0.0477,89.86,Moderate
82fad152,Ford Mustang Mach-E,NCA,75.0,21,1037,21.5,0.39,2.13,Aggressive,0.0555,87.07,Moderate
8700c7de,Nissan Leaf,LFP,75.0,31,404,29.9,0.17,2.36,Moderate,0.0545,88.17,Moderate
80cfe3fd,Nissan Leaf,LFP,40.0,72,249,34.7,0.25,2.41,Moderate,0.0242,90.82,Healthy
02248d86,Tesla Model Y,NCA,88.0,64,1370,29.8,0.18,2.13,Conservative,0.0732,81.59,Moderate
b4690eff,MG ZS EV,LFP,64.0,58,1138,18.7,0.62,1.39,Moderate,0.0323,84.4,Moderate
402e0e33,Tesla Model 3,LFP,50.0,92,755,39.7,0.6,1.72,Aggressive,0.0506,84.02,Moderate
4770dd7d,MG ZS EV,NCA,40.0,7,51,31.1,0.8,1.22,Moderate,0.0717,89.36,Moderate
b1cb953b,Tesla Model Y,NCA,50.0,81,701,31.4,0.45,1.37,Moderate,0.0327,85.74,Moderate
6f2af07f,Tesla Model Y,NCA,40.0,47,904,14.6,0.95,1.84,Moderate,0.0281,87.6,Moderate
3a2112bf,MG ZS EV,NCA,75.0,85,944,39.2,0.22,0.77,Moderate,0.0684,82.77,Moderate
9868482d,Nissan Leaf,NMC,50.0,80,418,23.6,0.46,2.14,Aggressive,0.0431,85.02,Moderate
5371d0f5,Nissan Leaf,LFP,40.0,64,534,31.4,0.33,2.35,Aggressive,0.0546,88.0,Moderate
940d9182,Ford Mustang Mach-E,LFP,82.0,48,281,27.4,0.92,0.66,Aggressive,0.0638,88.47,Moderate
b815be86,MG ZS EV,NCA,88.0,11,1121,36.7,0.18,1.44,Aggressive,0.0645,85.02,Moderate
57c201f9,Nissan Leaf,NCA,82.0,40,1305,11.6,0.39,2.06,Moderate,0.0481,86.31,Moderate
73f607a8,MG ZS EV,NCA,82.0,54,772,38.8,0.78,1.08,Moderate,0.0221,89.05,Moderate
37d48f8a,Ford Mustang Mach-E,LFP,88.0,8,1338,24.2,0.24,0.6,Conservative,0.0794,84.75,Moderate
571483fc,Tesla Model 3,NCA,64.0,17,1085,12.3,0.77,1.0,Conservative,0.0569,87.42,Moderate
4246c361,MG ZS EV,NMC,50.0,78,407,37.3,0.73,1.82,Moderate,0.0422,85.09,Moderate
a6e30e1a,Hyundai Kona Electric,LFP,50.0,24,1130,35.9,0.39,0.67,Conservative,0.0287,90.13,Healthy
62b51865,Tesla Model 3,NMC,40.0,85,951,31.8,0.24,1.66,Conservative,0.0705,81.48,Moderate
dab48c44,MG ZS EV,LFP,50.0,60,866,24.3,0.5,2.4,Moderate,0.0753,81.86,Moderate
388c7b4f,Nissan Leaf,NCA,75.0,34,347,25.9,0.47,1.08,Conservative,0.0678,88.54,Moderate
ca6914d0,Ford Mustang Mach-E,NMC,64.0,13,1138,29.1,0.91,1.36,Moderate,0.0751,83.28,Moderate
e9d6b430,Nissan Leaf,LFP,82.0,84,1246,21.7,0.76,2.0,Aggressive,0.0641,80.2,Moderate
8fb178f3,Tesla Model 3,NCA,75.0,89,418,19.4,0.11,0.52,Moderate,0.0241,86.55,Moderate
09742e88,MG ZS EV,NMC,40.0,45,499,31.8,0.31,0.57,Aggressive,0.0572,89.32,Moderate
ae0caeea,MG ZS EV,NCA,88.0,82,299,31.2,0.2,2.21,Conservative,0.0278,89.82,Moderate
876b64e9,Ford Mustang Mach-E,LFP,75.0,15,1474,15.5,0.35,1.82,Aggressive,0.0245,89.97,Moderate
78f9b395,Tesla Model 3,LFP,75.0,86,712,17.7,0.76,1.05,Moderate,0.0237,85.0,Moderate
61acaea7,Tesla Model Y,NCA,88.0,23,952,12.1,0.93,0.9,Moderate,0.0436,87.15,Moderate
bd678e39,MG ZS EV,LFP,40.0,28,1307,29.3,0.88,1.93,Moderate,0.0262,85.13,Moderate
f3e6a606,Ford Mustang Mach-E,LFP,64.0,3,1069,14.5,0.64,2.37,Aggressive,0.0599,85.75,Moderate
e32df47c,Tesla Model 3,NCA,88.0,1,1105,31.2,0.76,1.46,Conservative,0.0442,89.58,Moderate
c4ed635d,Ford Mustang Mach-E,LFP,64.0,1,837,38.6,0.8,1.46,Conservative,0.054,88.07,Moderate
7d5a78f7,Ford Mustang Mach-E,NCA,75.0,81,1375,12.7,0.55,2.42,Conservative,0.0248,84.11,Moderate
97119ae3,Ford Mustang Mach-E,LFP,40.0,23,1185,11.2,0.43,0.88,Conservative,0.0618,85.72,Moderate
23f38c39,Hyundai Kona Electric,NMC,82.0,81,946,32.1,0.22,0.89,Aggressive,0.0632,80.98,Moderate
047ded26,Tesla Model 3,LFP,40.0,83,680,25.0,0.92,2.12,Aggressive,0.078,78.47,Critical
208def83,Nissan Leaf,NMC,88.0,6,880,13.5,0.79,1.83,Aggressive,0.0475,90.27,Healthy
808c9cc8,Nissan Leaf,NMC,75.0,75,527,37.7,0.13,0.78,Conservative,0.0592,86.81,Moderate
c3e25d7c,Tesla Model Y,NCA,40.0,90,1378,13.9,0.25,0.6,Conservative,0.0384,81.39,Moderate
a2485316,MG ZS EV,NCA,75.0,14,283,24.9,0.78,0.94,Moderate,0.0683,88.42,Moderate
4808342f,Nissan Leaf,NMC,50.0,42,297,39.3,0.59,0.77,Moderate,0.0702,88.01,Moderate
6cca60f5,Nissan Leaf,NMC,50.0,9,297,18.2,0.74,0.84,Conservative,0.0422,91.85,Healthy
45db206a,Tesla Model 3,NCA,40.0,13,1344,28.4,0.76,0.53,Aggressive,0.0492,83.83,Moderate
486906b4,Ford Mustang Mach-E,NCA,50.0,76,631,22.5,0.79,2.05,Moderate,0.0615,81.61,Moderate
bf49cadd,Tesla Model 3,NCA,75.0,53,539,38.1,0.62,0.58,Moderate,0.0308,89.19,Moderate
9136a555,Nissan Leaf,NCA,40.0,45,907,10.1,0.3,0.74,Conservative,0.0518,86.56,Moderate
53173d33,Hyundai Kona Electric,LFP,88.0,60,1332,29.8,0.33,0.89,Conservative,0.0678,82.48,Moderate
7c3061eb,Hyundai Kona Electric,NMC,64.0,21,1422,37.7,0.15,1.23,Conservative,0.0326,86.99,Moderate
c61d6113,Tesla Model Y,NCA,40.0,95,157,37.7,0.25,2.07,Moderate,0.0491,84.49,Moderate
08bf9df2,Tesla Model 3,NMC,40.0,76,1237,19.8,0.27,1.85,Aggressive,0.0395,82.55,Moderate
ac50334d,Nissan Leaf,LFP,75.0,53,459,21.3,0.29,1.44,Conservative,0.0491,86.55,Moderate
575518e0,Tesla Model 3,NCA,50.0,50,814,14.1,0.71,1.76,Aggressive,0.0785,82.0,Moderate
86582942,Ford Mustang Mach-E,NCA,64.0,8,624,14.1,0.82,1.42,Conservative,0.0303,90.45,Healthy
8ec87851,Hyundai Kona Electric,NMC,75.0,82,1302,37.2,0.59,1.61,Aggressive,0.0338,83.8,Moderate
d8c40eb6,Tesla Model Y,NCA,64.0,61,997,18.4,0.72,1.97,Conservative,0.0348,84.95,Moderate
26f9f5b9,Nissan Leaf,LFP,82.0,74,60,22.5,0.14,2.48,Moderate,0.064,85.23,Moderate
f829308e,Tesla Model Y,NMC,88.0,90,250,23.6,0.3,1.62,Moderate,0.0207,88.51,Moderate
688c24db,Nissan Leaf,NCA,88.0,38,539,29.4,0.18,1.46,Aggressive,0.0383,89.91,Moderate
13bd3934,MG ZS EV,NCA,64.0,4,981,23.9,0.22,1.91,Conservative,0.0311,91.73,Healthy
691a48e6,Nissan Leaf,NCA,64.0,81,194,21.5,0.69,1.56,Aggressive,0.0378,88.18,Moderate
7292ef2c,Tesla Model 3,NMC,88.0,27,1452,12.4,0.85,1.97,Moderate,0.0233,86.01,Moderate
73eb3213,Tesla Model Y,NMC,40.0,47,1003,28.6,0.41,0.85,Moderate,0.0535,85.3,Moderate
19de7d82,MG ZS EV,NMC,88.0,31,1155,13.4,0.51,2.38,Moderate,0.0548,84.08,Moderate
a4169764,Nissan Leaf,NMC,75.0,46,597,25.1,0.46,0.61,Moderate,0.0424,88.12,Moderate
d5c01e71,Tesla Model 3,NMC,88.0,91,1139,30.3,0.55,1.08,Moderate,0.0573,81.98,Moderate
e7feb99e,MG ZS EV,NMC,50.0,12,214,21.7,0.25,2.42,Moderate,0.0246,94.11,Healthy
2d0c96d2,Hyundai Kona Electric,LFP,82.0,20,468,25.6,0.63,1.09,Moderate,0.0782,88.71,Moderate
4b66b37b,Hyundai Kona Electric,NCA,82.0,57,1370,10.6,0.26,0.54,Moderate,0.0681,81.84,Moderate
41471a6a,Ford Mustang Mach-E,NCA,82.0,84,1373,33.6,0.51,1.83,Conservative,0.0518,80.0,Moderate
c9dd2266,Ford Mustang Mach-E,LFP,40.0,40,401,33.7,0.29,1.24,Conservative,0.0373,89.08,Moderate
f2b381b7,Tesla Model Y,NMC,88.0,80,379,31.4,0.34,2.45,Conservative,0.0704,85.6,Moderate
39e95073,Tesla Model 3,NCA,50.0,15,134,39.8,0.59,1.38,Moderate,0.0422,92.98,Healthy
f0688489,Hyundai Kona Electric,NMC,40.0,45,352,21.2,0.56,0.83,Moderate,0.0381,89.33,Moderate
601fc458,Ford Mustang Mach-E,NCA,88.0,41,369,10.1,0.73,2.45,Aggressive,0.0399,88.61,Moderate
5a814217,Tesla Model Y,NCA,75.0,19,1207,31.9,0.88,1.18,Aggressive,0.0267,89.62,Moderate
9347ae1c,MG ZS EV,NMC,64.0,15,680,10.7,0.62,0.94,Aggressive,0.0414,88.24,Moderate
2dd7db6e,Tesla Model 3,NCA,75.0,68,504,33.4,0.75,0.89,Moderate,0.025,88.75,Moderate
41c6edc7,MG ZS EV,LFP,64.0,25,1054,19.5,0.61,2.39,Moderate,0.0745,83.65,Moderate
0550bfe7,MG ZS EV,LFP,82.0,50,813,10.4,0.39,1.12,Aggressive,0.0467,84.84,Moderate
61574324,Nissan Leaf,NCA,75.0,54,956,18.7,0.78,2.44,Conservative,0.0454,83.36,Moderate
f14f95b3,Tesla Model 3,NMC,82.0,19,475,19.1,0.94,1.55,Moderate,0.0401,91.24,Healthy
6c7179da,Hyundai Kona Electric,LFP,50.0,82,609,22.4,0.57,1.92,Aggressive,0.0653,81.52,Moderate
2c4ead9a,Tesla Model 3,NMC,88.0,63,136,34.7,0.36,1.67,Conservative,0.0496,88.45,Moderate
29710c64,Hyundai Kona Electric,NCA,64.0,34,664,38.7,0.81,1.45,Aggressive,0.0592,86.09,Moderate
511745bc,Hyundai Kona Electric,NCA,88.0,32,108,13.6,0.34,2.49,Moderate,0.024,93.27,Healthy
55f3662e,Ford Mustang Mach-E,NMC,88.0,34,1336,30.6,0.93,2.14,Aggressive,0.0424,84.8,Moderate
015b6aa8,MG ZS EV,LFP,64.0,8,349,19.6,0.85,0.77,Conservative,0.0298,92.38,Healthy
39e18581,Nissan Leaf,NMC,50.0,38,647,25.9,0.9,1.53,Aggressive,0.066,86.38,Moderate
f1b9cc25,Nissan Leaf,NCA,88.0,42,697,34.8,0.68,1.1,Moderate,0.0611,85.14,Moderate
619f94f9,Tesla Model Y,NCA,50.0,19,76,14.1,0.34,2.06,Conservative,0.0447,91.36,Healthy
fb368013,Tesla Model 3,LFP,82.0,25,1194,28.4,0.81,1.55,Moderate,0.0519,86.03,Moderate
22b951ec,Hyundai Kona Electric,NCA,64.0,10,288,34.6,0.88,1.46,Aggressive,0.0387,90.69,Healthy
e55ffae2,Tesla Model Y,LFP,88.0,44,402,31.3,0.12,2.13,Conservative,0.0333,89.47,Moderate
0d3b417c,Hyundai Kona Electric,NMC,40.0,27,316,39.4,0.46,2.03,Conservative,0.0267,93.77,Healthy
4348f899,Ford Mustang Mach-E,NCA,64.0,14,117,33.8,0.54,0.62,Conservative,0.0271,92.68,Healthy
c2067e64,Tesla Model Y,NCA,64.0,13,303,37.6,0.27,2.3,Moderate,0.0311,91.91,Healthy
d364a4c8,Tesla Model 3,NCA,82.0,75,762,20.6,0.83,2.06,Conservative,0.0568,83.13,Moderate
917cb0d7,Tesla Model 3,NMC,40.0,68,494,31.5,0.92,0.84,Aggressive,0.0652,85.62,Moderate
fd2dc43f,Hyundai Kona Electric,LFP,50.0,91,1022,21.0,0.6,1.38,Conservative,0.0775,80.0,Moderate
57f78c73,Ford Mustang Mach-E,NCA,82.0,66,516,22.2,0.75,1.13,Moderate,0.048,84.38,Moderate
260c01b9,Hyundai Kona Electric,NMC,88.0,72,133,12.5,0.52,1.27,Aggressive,0.0474,87.04,Moderate
aa88ca21,Ford Mustang Mach-E,NMC,75.0,53,645,39.5,0.46,2.21,Conservative,0.0737,86.0,Moderate
1421ce21,Hyundai Kona Electric,NCA,40.0,87,1056,30.2,0.44,1.55,Aggressive,0.0606,79.39,Critical
53fc2131,Hyundai Kona Electric,NCA,75.0,14,395,11.9,0.93,1.18,Moderate,0.0557,87.97,Moderate
fbd5ffdc,Nissan Leaf,LFP,64.0,36,1241,27.8,0.74,2.1,Moderate,0.0766,81.68,Moderate
86b22f94,Tesla Model Y,NMC,50.0,66,621,14.4,0.49,0.74,Conservative,0.0494,86.21,Moderate
b4a79184,Tesla Model Y,LFP,82.0,95,158,34.9,0.52,0.55,Aggressive,0.0307,88.22,Moderate
b509cdde,MG ZS EV,LFP,75.0,80,247,32.8,0.66,1.54,Moderate,0.0495,84.9,Moderate
1fa9f64b,Tesla Model 3,LFP,40.0,65,585,26.3,0.79,1.58,Moderate,0.0211,90.15,Healthy
56bf03fe,Tesla Model Y,LFP,64.0,41,820,23.3,0.13,0.85,Moderate,0.0596,87.94,Moderate
30c99db0,Nissan Leaf,NCA,88.0,18,689,31.5,0.51,0.72,Moderate,0.0605,88.26,Moderate
c4f75773,Ford Mustang Mach-E,LFP,75.0,61,1201,35.6,0.53,1.28,Moderate,0.0497,83.55,Moderate
e6b29b80,MG ZS EV,LFP,82.0,8,107,27.7,0.21,1.23,Moderate,0.0686,89.65,Moderate
e50df542,Ford Mustang Mach-E,NCA,50.0,13,926,20.4,0.4,1.2,Conservative,0.0597,86.5,Moderate
65ba55d6,Hyundai Kona Electric,NCA,40.0,89,184,36.1,0.2,0.84,Aggressive,0.0523,86.17,Moderate
bc96e67d,Nissan Leaf,NMC,82.0,54,596,10.6,0.5,0.54,Moderate,0.039,87.36,Moderate
cbf581a4,Ford Mustang Mach-E,LFP,64.0,13,1464,30.3,0.39,1.51,Moderate,0.0659,82.94,Moderate
a581c059,Tesla Model 3,LFP,50.0,26,1067,29.1,0.93,0.65,Aggressive,0.071,82.77,Moderate
a4b60ad3,Tesla Model 3,NCA,82.0,52,512,28.7,0.91,1.94,Aggressive,0.0547,85.34,Moderate
520342ec,Nissan Leaf,LFP,64.0,61,924,16.3,0.78,1.8,Conservative,0.0381,84.86,Moderate
5271713f,Nissan Leaf,NMC,40.0,54,873,17.5,0.54,1.84,Aggressive,0.0529,85.46,Moderate
a6a330c4,Nissan Leaf,LFP,88.0,64,486,29.8,0.8,2.38,Aggressive,0.0361,87.37,Moderate
79673968,Ford Mustang Mach-E,LFP,88.0,94,1333,11.8,0.27,1.42,Moderate,0.0344,82.58,Moderate
2686d1d9,Nissan Leaf,NMC,50.0,41,181,29.0,0.82,1.03,Moderate,0.0372,89.48,Moderate
9ed27693,Hyundai Kona Electric,LFP,75.0,31,282,14.5,0.12,2.09,Aggressive,0.0386,92.25,Healthy
fe25dc3e,MG ZS EV,NMC,88.0,5,463,14.8,0.22,1.02,Aggressive,0.0682,90.23,Healthy
ae559e6e,Hyundai Kona Electric,LFP,40.0,63,90,11.7,0.86,1.13,Aggressive,0.0379,90.6,Healthy
dc04883d,Tesla Model 3,NCA,82.0,85,234,21.9,0.81,2.19,Aggressive,0.0342,87.93,Moderate
3e3dee7b,Nissan Leaf,NCA,64.0,75,1125,17.6,0.85,0.98,Moderate,0.0273,83.26,Moderate
60d3ab02,Ford Mustang Mach-E,NCA,64.0,96,533,38.1,0.29,0.71,Conservative,0.0328,85.55,Moderate
51d8ee76,Ford Mustang Mach-E,NMC,88.0,63,1142,21.2,0.91,1.13,Moderate,0.0454,81.88,Moderate
4b71cf19,Tesla Model 3,NCA,88.0,61,803,34.6,0.12,2.43,Aggressive,0.0563,85.88,Moderate
b7127acc,Tesla Model Y,LFP,88.0,31,568,26.6,0.36,2.42,Moderate,0.0418,88.27,Moderate
a8b2ccb4,Tesla Model Y,LFP,50.0,2,854,37.8,0.88,1.1,Aggressive,0.0762,85.38,Moderate
cbf41aaf,Hyundai Kona Electric,LFP,75.0,41,1369,22.2,0.13,2.23,Aggressive,0.0694,82.56,Moderate
c3e845e5,Nissan Leaf,NCA,82.0,55,255,34.7,0.69,1.51,Moderate,0.0411,89.75,Moderate
fc746b9e,Hyundai Kona Electric,NMC,88.0,59,1473,10.8,0.14,1.78,Aggressive,0.0578,80.4,Moderate
b234df21,Nissan Leaf,NCA,88.0,40,692,27.3,0.19,1.0,Moderate,0.0628,87.73,Moderate
db42ab7c,Tesla Model Y,NMC,64.0,41,974,24.4,0.72,1.02,Moderate,0.0612,85.49,Moderate
00089618,Nissan Leaf,NCA,40.0,48,422,21.8,0.42,2.17,Aggressive,0.0542,89.58,Moderate
890b56b0,Nissan Leaf,LFP,50.0,81,518,37.2,0.93,0.9,Aggressive,0.0621,81.06,Moderate
ffe8d2d2,Hyundai Kona Electric,NCA,88.0,34,355,12.7,0.41,2.39,Moderate,0.027,92.09,Healthy
7c786fb9,Hyundai Kona Electric,NMC,64.0,16,509,31.4,0.26,2.22,Moderate,0.0669,89.95,Moderate
f6b93d30,Tesla Model Y,NMC,50.0,27,1278,16.5,0.8,1.95,Moderate,0.0314,86.34,Moderate
c8fb9efd,Hyundai Kona Electric,NMC,75.0,34,532,28.5,0.87,1.24,Moderate,0.0611,85.11,Moderate
5863f4c7,Nissan Leaf,NMC,64.0,89,864,30.6,0.71,1.92,Conservative,0.0642,79.01,Critical
dbb276cf,Tesla Model 3,NMC,82.0,43,530,24.1,0.4,1.71,Moderate,0.0602,87.93,Moderate
5c64d425,Tesla Model Y,LFP,82.0,65,1319,21.4,0.93,1.84,Conservative,0.0279,81.72,Moderate
a21d2f29,Ford Mustang Mach-E,NMC,82.0,65,1059,37.9,0.85,0.76,Moderate,0.039,83.64,Moderate
7d04c4ac,Ford Mustang Mach-E,NCA,75.0,6,311,25.0,0.93,1.06,Moderate,0.0416,91.08,Healthy
aa66bc9a,MG ZS EV,NCA,50.0,67,691,23.1,0.24,1.97,Moderate,0.0495,85.98,Moderate
8d62c160,Tesla Model 3,LFP,88.0,7,436,14.5,0.3,0.57,Conservative,0.0356,92.97,Healthy
f8703e3e,Tesla Model 3,LFP,88.0,57,780,39.7,0.58,1.42,Conservative,0.0267,89.18,Moderate
e8a3aa65,Nissan Leaf,NMC,88.0,27,631,15.4,0.24,1.52,Aggressive,0.0364,90.91,Healthy
136d704d,MG ZS EV,NCA,64.0,74,419,22.5,0.17,2.04,Conservative,0.0606,83.69,Moderate
f0f52a13,MG ZS EV,NCA,40.0,51,815,27.7,0.91,2.17,Moderate,0.0292,86.95,Moderate
4448384a,Hyundai Kona Electric,LFP,88.0,59,1336,38.7,0.61,0.51,Aggressive,0.0782,80.05,Moderate
56cb9b78,Nissan Leaf,NCA,40.0,94,1215,13.9,0.83,2.1,Moderate,0.037,82.02,Moderate
b38675ed,Tesla Model Y,LFP,40.0,12,866,17.7,0.3,2.04,Moderate,0.0439,91.13,Healthy
5a8c3eee,Ford Mustang Mach-E,NCA,75.0,37,1375,32.6,0.66,0.74,Aggressive,0.0495,84.84,Moderate
d9569834,Nissan Leaf,NCA,75.0,17,785,30.0,0.81,1.53,Moderate,0.0494,88.06,Moderate
9c815126,Hyundai Kona Electric,NCA,40.0,12,915,34.3,0.62,1.37,Conservative,0.0456,88.72,Moderate
ebbf27a9,Hyundai Kona Electric,NMC,40.0,83,1455,31.4,0.89,1.55,Moderate,0.0588,77.59,Critical
25e71c09,Tesla Model 3,NCA,75.0,39,354,39.5,0.68,1.1,Conservative,0.0349,89.44,Moderate
4f7c2774,Ford Mustang Mach-E,LFP,82.0,6,1101,13.2,0.46,0.69,Aggressive,0.0597,88.38,Moderate
a267b06c,Hyundai Kona Electric,NCA,75.0,11,1081,10.5,0.73,1.43,Moderate,0.0672,83.72,Moderate
774105a9,Tesla Model Y,NMC,64.0,41,1252,31.7,0.74,1.4,Conservative,0.0685,84.0,Moderate
f628693c,Tesla Model Y,NCA,75.0,11,1287,17.8,0.67,1.37,Moderate,0.0211,87.7,Moderate
3f6f3f2c,Nissan Leaf,LFP,64.0,59,1466,22.2,0.66,1.99,Aggressive,0.0636,80.74,Moderate
94b121e2,Tesla Model 3,NCA,50.0,87,1463,30.3,0.78,0.68,Conservative,0.0281,79.8,Critical
c8cdb31e,Ford Mustang Mach-E,LFP,82.0,4,478,24.4,0.22,0.98,Conservative,0.0705,88.56,Moderate
49d05468,Hyundai Kona Electric,NCA,75.0,61,914,10.7,0.24,0.8,Conservative,0.0622,83.74,Moderate
1f2ed4f7,Hyundai Kona Electric,LFP,88.0,26,653,27.1,0.81,0.6,Moderate,0.0205,92.38,Healthy
26f8cb4a,MG ZS EV,NCA,75.0,95,1235,27.9,0.57,1.08,Aggressive,0.0492,80.22,Moderate
a6d115b8,MG ZS EV,LFP,40.0,63,524,31.4,0.55,1.34,Moderate,0.039,86.41,Moderate
9e85c12e,Tesla Model Y,LFP,50.0,15,1063,28.7,0.65,1.4,Moderate,0.0462,86.72,Moderate
cec4bc64,Tesla Model Y,LFP,88.0,57,525,25.2,0.6,1.87,Aggressive,0.0753,84.71,Moderate
21912d82,Tesla Model Y,NCA,75.0,92,849,38.8,0.81,1.85,Conservative,0.0641,81.56,Moderate
7fc3789c,Hyundai Kona Electric,LFP,82.0,37,1464,32.5,0.67,0.76,Moderate,0.032,85.15,Moderate
947f0fe3,Nissan Leaf,NMC,88.0,31,478,26.7,0.95,1.22,Conservative,0.0356,88.3,Moderate
ba464b0e,Tesla Model 3,NCA,64.0,44,931,13.4,0.29,1.62,Moderate,0.0492,87.46,Moderate
7de605e1,Tesla Model 3,NMC,75.0,20,1463,36.2,0.61,0.71,Aggressive,0.023,88.76,Moderate
b86fe269,Tesla Model Y,NCA,50.0,79,258,34.7,0.14,0.71,Moderate,0.0578,87.97,Moderate
1f8164b4,Tesla Model Y,NMC,64.0,91,954,32.9,0.52,2.24,Conservative,0.0293,83.32,Moderate
ba04b7b6,Tesla Model 3,LFP,64.0,57,901,33.1,0.11,2.17,Moderate,0.0484,85.9,Moderate
e21191d3,Tesla Model Y,LFP,75.0,92,899,20.8,0.67,0.8,Moderate,0.0652,81.43,Moderate
67f29e3b,Tesla Model 3,NCA,75.0,53,989,38.6,0.54,1.86,Aggressive,0.0766,80.66,Moderate
fc96c85a,MG ZS EV,NCA,75.0,9,223,20.1,0.44,2.04,Conservative,0.046,93.72,Healthy
ec7991b0,MG ZS EV,NCA,64.0,74,168,39.3,0.93,2.1,Aggressive,0.0725,83.81,Moderate
1447f287,Hyundai Kona Electric,NCA,50.0,39,692,37.3,0.11,1.06,Conservative,0.0517,88.83,Moderate
24a541d7,Tesla Model Y,LFP,88.0,70,1328,33.7,0.65,1.89,Conservative,0.0733,78.75,Critical
7ad997cd,Tesla Model 3,NCA,82.0,5,1150,20.0,0.72,1.98,Aggressive,0.0276,88.79,Moderate
b1fc38e6,Tesla Model Y,LFP,82.0,40,1117,20.2,0.64,0.55,Aggressive,0.0734,82.97,Moderate
4d08824f,MG ZS EV,NMC,64.0,55,1084,13.3,0.15,1.25,Moderate,0.0576,82.62,Moderate
598cbf0c,MG ZS EV,NCA,82.0,39,1222,32.1,0.49,2.47,Aggressive,0.0683,83.22,Moderate
dde2eb31,Hyundai Kona Electric,NCA,88.0,77,528,20.5,0.34,2.07,Aggressive,0.0629,82.79,Moderate
f6851d44,Hyundai Kona Electric,LFP,40.0,32,265,19.8,0.6,2.15,Conservative,0.0417,89.33,Moderate
c036fdda,Nissan Leaf,NCA,88.0,12,177,22.7,0.21,0.93,Aggressive,0.0247,95.37,Healthy
caf78aa9,Hyundai Kona Electric,NMC,75.0,51,590,27.5,0.64,2.49,Conservative,0.0613,86.49,Moderate
ee54e1d0,Tesla Model Y,LFP,82.0,65,310,24.5,0.49,2.44,Moderate,0.0508,85.66,Moderate
e4c4a7ec,Ford Mustang Mach-E,NCA,75.0,5,371,38.3,0.41,2.4,Moderate,0.0561,89.76,Moderate
cc0addea,Tesla Model Y,NMC,75.0,6,1120,14.6,0.42,2.48,Aggressive,0.0382,87.37,Moderate
c58b1459,Tesla Model 3,NCA,88.0,54,149,38.1,0.36,1.07,Moderate,0.031,91.07,Healthy
cf4899da,MG ZS EV,NCA,75.0,9,141,22.5,0.59,1.63,Conservative,0.074,89.9,Moderate
d55f99c0,Nissan Leaf,NCA,88.0,18,1083,29.1,0.75,1.83,Aggressive,0.0289,88.06,Moderate
72c9b77e,MG ZS EV,NMC,75.0,53,843,17.0,0.44,1.58,Conservative,0.0775,83.86,Moderate
b1b48658,Tesla Model 3,NMC,40.0,91,100,27.2,0.78,1.91,Aggressive,0.0537,85.87,Moderate
39643a00,Tesla Model 3,NCA,82.0,70,1231,32.7,0.91,1.54,Aggressive,0.065,81.51,Moderate
29ce589b,Nissan Leaf,NCA,82.0,24,88,18.2,0.27,2.16,Moderate,0.0703,89.85,Moderate
e524fad2,Nissan Leaf,LFP,75.0,52,1256,11.3,0.83,0.55,Moderate,0.0462,81.38,Moderate
66234a1d,Tesla Model Y,LFP,64.0,33,236,13.4,0.18,0.84,Moderate,0.0286,94.03,Healthy
9d85c1b0,Ford Mustang Mach-E,NMC,64.0,87,396,11.8,0.92,0.86,Moderate,0.0628,82.5,Moderate
c8489a88,Hyundai Kona Electric,NCA,82.0,42,578,21.3,0.8,0.74,Aggressive,0.0322,89.27,Moderate
251deedf,Tesla Model Y,NMC,40.0,50,285,18.1,0.37,1.61,Moderate,0.0239,91.07,Healthy
1de9d0c1,Hyundai Kona Electric,NMC,64.0,71,1250,30.3,0.31,1.61,Aggressive,0.0671,81.01,Moderate
6e782b98,Hyundai Kona Electric,NCA,50.0,65,466,33.5,0.22,1.58,Moderate,0.0301,89.17,Moderate
f479b335,Hyundai Kona Electric,LFP,50.0,6,52,34.4,0.92,1.74,Aggressive,0.0592,89.5,Moderate
241ec049,Tesla Model Y,NCA,82.0,33,1442,21.4,0.4,1.76,Aggressive,0.0551,82.97,Moderate
57ce2ba1,Hyundai Kona Electric,NMC,82.0,73,193,19.0,0.44,0.75,Aggressive,0.0284,91.47,Healthy
e03a3a52,Tesla Model Y,NCA,88.0,65,701,36.5,0.9,1.77,Moderate,0.0788,81.43,Moderate
ac4151ea,Nissan Leaf,LFP,88.0,44,481,23.8,0.61,0.53,Conservative,0.0615,88.39,Moderate
092c7d72,MG ZS EV,NCA,75.0,2,1427,15.2,0.57,1.89,Conservative,0.0493,86.79,Moderate
68fecfc2,Ford Mustang Mach-E,LFP,75.0,69,113,36.8,0.79,1.39,Conservative,0.0274,90.9,Healthy
685a4673,Ford Mustang Mach-E,NCA,88.0,90,67,13.7,0.41,0.89,Aggressive,0.0206,87.66,Moderate
c8d1e309,Ford Mustang Mach-E,NMC,50.0,46,442,12.7,0.62,1.11,Moderate,0.0631,88.48,Moderate
adc5f2b3,Ford Mustang Mach-E,NCA,75.0,64,1491,31.2,0.28,0.89,Aggressive,0.0693,78.38,Critical
5f57eef1,Nissan Leaf,NMC,82.0,64,399,26.6,0.66,1.63,Aggressive,0.0609,84.18,Moderate
568e199e,MG ZS EV,NMC,64.0,9,310,17.8,0.58,0.96,Aggressive,0.0514,90.2,Healthy
e8a18d8f,MG ZS EV,NMC,75.0,87,1141,28.4,0.68,2.27,Moderate,0.0201,84.53,Moderate
116f4af2,Tesla Model Y,NMC,40.0,56,883,18.2,0.68,1.43,Moderate,0.0417,87.11,Moderate
edfb7da0,MG ZS EV,NMC,82.0,54,1140,23.5,0.1,0.89,Aggressive,0.0249,88.52,Moderate
379ba843,Hyundai Kona Electric,LFP,88.0,55,202,37.5,0.27,1.16,Conservative,0.0238,90.06,Healthy
e062fd7f,Ford Mustang Mach-E,NCA,64.0,76,1332,38.1,0.81,0.99,Conservative,0.0484,82.13,Moderate
aa922806,Tesla Model 3,LFP,40.0,10,1278,28.6,0.75,1.75,Moderate,0.0547,87.74,Moderate
219c6f5c,Tesla Model 3,NMC,82.0,89,183,33.5,0.15,2.1,Aggressive,0.0233,89.84,Moderate
7c800cee,Nissan Leaf,NCA,75.0,8,1195,11.6,0.82,1.3,Aggressive,0.057,84.98,Moderate
3ac5ace2,MG ZS EV,NMC,64.0,2,978,21.5,0.78,2.26,Moderate,0.0572,88.27,Moderate
891fb81b,Tesla Model Y,NCA,82.0,67,722,27.6,0.19,0.52,Conservative,0.0628,85.53,Moderate
28b84831,Tesla Model 3,NMC,50.0,82,1092,17.7,0.46,1.95,Conservative,0.0467,80.94,Moderate
b6c1ff45,Tesla Model Y,LFP,82.0,40,1247,23.1,0.92,2.01,Moderate,0.0387,85.96,Moderate
3ab18fe3,Nissan Leaf,NCA,50.0,78,752,18.7,0.92,1.54,Conservative,0.0595,80.44,Moderate
989490ed,Hyundai Kona Electric,NCA,64.0,55,754,15.9,0.27,2.32,Aggressive,0.0671,83.34,Moderate
311a40fe,Tesla Model Y,NMC,64.0,60,1278,30.8,0.82,1.63,Moderate,0.0401,82.83,Moderate
303521f5,Hyundai Kona Electric,NCA,82.0,6,1065,16.6,0.1,0.95,Moderate,0.0338,89.47,Moderate
bb0b04a8,Nissan Leaf,NMC,40.0,95,819,16.2,0.26,2.48,Conservative,0.0418,83.04,Moderate
93c9fd1a,Ford Mustang Mach-E,NMC,40.0,38,951,15.8,0.6,2.03,Conservative,0.0226,87.54,Moderate
43d06296,Tesla Model 3,NCA,64.0,34,406,20.2,0.57,0.86,Conservative,0.0213,93.62,Healthy
83774285,Ford Mustang Mach-E,NCA,50.0,49,1391,33.6,0.19,2.37,Conservative,0.0383,84.39,Moderate
f65a806a,Tesla Model Y,NCA,50.0,68,1326,36.4,0.85,0.63,Moderate,0.0287,84.54,Moderate
9b2a55f6,Nissan Leaf,LFP,82.0,89,816,19.5,0.47,1.77,Conservative,0.0753,80.68,Moderate
dbd99cef,Tesla Model Y,NCA,82.0,42,556,11.6,0.78,2.25,Conservative,0.0711,86.73,Moderate
ce047194,Nissan Leaf,LFP,82.0,61,1408,28.4,0.24,1.28,Conservative,0.0729,79.81,Critical
e172736d,Nissan Leaf,NCA,82.0,42,815,25.8,0.51,2.41,Conservative,0.0484,86.31,Moderate
e88fac6f,Nissan Leaf,NMC,75.0,27,499,36.8,0.48,0.97,Moderate,0.0331,92.63,Healthy
f2c8ef9e,Hyundai Kona Electric,NCA,50.0,33,1177,12.5,0.74,1.09,Aggressive,0.0511,85.22,Moderate
77626d92,Tesla Model Y,LFP,64.0,44,922,23.5,0.47,1.24,Conservative,0.0499,85.47,Moderate
dbd5b96d,Ford Mustang Mach-E,NMC,82.0,34,1371,12.3,0.87,1.09,Conservative,0.0501,84.25,Moderate
51af594c,MG ZS EV,LFP,64.0,16,196,20.8,0.56,1.17,Conservative,0.0605,89.78,Moderate
d934fc46,Ford Mustang Mach-E,LFP,64.0,91,1287,39.9,0.95,2.0,Moderate,0.0644,75.98,Critical
7eb6d85d,Tesla Model Y,NMC,50.0,52,880,34.7,0.74,0.52,Aggressive,0.0592,85.5,Moderate
8dd4d72b,Ford Mustang Mach-E,NMC,88.0,96,479,24.2,0.54,2.07,Moderate,0.0655,83.55,Moderate
6be522bd,Tesla Model Y,NCA,82.0,25,928,33.1,0.69,0.92,Conservative,0.047,85.4,Moderate
b8e7f94c,Hyundai Kona Electric,NCA,75.0,40,69,25.0,0.66,1.21,Aggressive,0.0335,92.53,Healthy
d2178000,Nissan Leaf,NCA,64.0,39,717,27.6,0.58,0.56,Aggressive,0.0283,89.58,Moderate
9071f518,Hyundai Kona Electric,NCA,40.0,51,830,16.1,0.43,1.57,Moderate,0.0313,87.1,Moderate
88f8ef40,Tesla Model Y,NMC,75.0,12,401,13.1,0.57,0.56,Moderate,0.0613,87.87,Moderate
2ecadc65,Ford Mustang Mach-E,LFP,82.0,37,471,17.0,0.66,0.64,Moderate,0.0234,89.07,Moderate
41823609,Tesla Model Y,LFP,50.0,21,276,13.9,0.46,1.99,Moderate,0.0433,90.21,Healthy
a9d25990,Hyundai Kona Electric,LFP,82.0,91,1411,24.2,0.61,2.38,Conservative,0.0552,79.79,Critical
b69b7d10,Hyundai Kona Electric,LFP,64.0,1,342,23.4,0.8,1.71,Moderate,0.0348,94.77,Healthy
b576106b,Ford Mustang Mach-E,LFP,88.0,74,130,32.1,0.34,2.26,Aggressive,0.0474,89.38,Moderate
d1289f1b,Nissan Leaf,NMC,88.0,23,900,17.5,0.86,1.97,Moderate,0.0475,85.92,Moderate
18a0fc71,Tesla Model 3,NCA,64.0,90,139,17.2,0.84,1.05,Aggressive,0.0577,85.32,Moderate
995c3390,Tesla Model 3,NCA,64.0,93,494,37.3,0.45,2.02,Moderate,0.0273,84.77,Moderate
7f3d802d,MG ZS EV,LFP,88.0,53,973,14.9,0.28,0.59,Moderate,0.0216,88.95,Moderate
108d55c4,MG ZS EV,LFP,50.0,44,867,35.7,0.44,0.52,Moderate,0.0269,87.88,Moderate
5b7dbac1,Tesla Model Y,NMC,75.0,60,189,12.5,0.66,1.93,Conservative,0.0463,89.59,Moderate
f443cfb6,MG ZS EV,LFP,88.0,78,255,15.3,0.21,1.98,Conservative,0.0301,90.11,Healthy
6ebb1563,MG ZS EV,NCA,75.0,57,783,15.3,0.71,2.29,Aggressive,0.0519,85.7,Moderate
5e44a5a7,Hyundai Kona Electric,NMC,40.0,85,1401,36.9,0.43,1.12,Conservative,0.0231,81.22,Moderate
854b8006,Tesla Model 3,NMC,50.0,48,538,16.0,0.11,0.56,Conservative,0.0209,91.88,Healthy
58ac0581,Tesla Model Y,NCA,64.0,86,393,31.7,0.14,1.53,Conservative,0.0689,84.23,Moderate
0da5acba,MG ZS EV,LFP,50.0,70,859,38.2,0.2,0.93,Conservative,0.0414,83.62,Moderate
a7b89c5a,Tesla Model Y,LFP,64.0,50,485,23.8,0.16,2.13,Moderate,0.059,85.53,Moderate
6f927983,Tesla Model 3,NCA,82.0,77,1073,39.5,0.19,1.57,Moderate,0.0794,78.84,Critical
b4fe3a22,MG ZS EV,LFP,50.0,81,1476,21.7,0.89,2.04,Aggressive,0.028,82.1,Moderate
5c730af2,Nissan Leaf,NCA,88.0,62,188,20.1,0.62,1.67,Aggressive,0.0429,89.54,Moderate
7238d7f9,Nissan Leaf,NMC,75.0,2,526,10.6,0.75,0.75,Conservative,0.0342,93.32,Healthy
db05263b,Nissan Leaf,LFP,50.0,18,817,25.0,0.27,1.25,Aggressive,0.0585,89.78,Moderate
ddcbbc7b,Ford Mustang Mach-E,NMC,75.0,43,324,18.3,0.65,2.02,Conservative,0.0513,89.1,Moderate
a4194adf,MG ZS EV,NCA,50.0,94,728,20.3,0.27,0.61,Conservative,0.0751,82.0,Moderate
affe0c82,Tesla Model Y,NMC,75.0,78,831,25.6,0.26,1.76,Aggressive,0.0239,84.97,Moderate
d72e7aba,Tesla Model 3,LFP,50.0,19,468,13.8,0.25,1.6,Aggressive,0.0677,87.82,Moderate
8965da9c,Hyundai Kona Electric,NCA,64.0,60,687,14.9,0.27,1.35,Conservative,0.0564,84.73,Moderate
13eac678,Nissan Leaf,NCA,75.0,35,1035,12.4,0.93,1.3,Moderate,0.0301,86.85,Moderate
98cd4353,Tesla Model Y,NCA,64.0,20,1037,10.6,0.42,2.21,Aggressive,0.0655,86.21,Moderate
377ff7cc,Tesla Model Y,NCA,75.0,23,576,21.4,0.36,1.07,Moderate,0.0537,87.48,Moderate
bcf383a7,Hyundai Kona Electric,LFP,64.0,26,366,37.5,0.1,2.22,Aggressive,0.0638,89.48,Moderate
3dcd8373,Tesla Model 3,LFP,40.0,48,836,24.7,0.64,1.68,Aggressive,0.0445,88.22,Moderate
2e4211b0,Hyundai Kona Electric,NCA,64.0,21,447,32.9,0.91,2.04,Aggressive,0.0651,87.79,Moderate
6f183743,Ford Mustang Mach-E,NCA,75.0,48,1476,11.7,0.43,1.35,Aggressive,0.0348,82.58,Moderate
8e014eb4,Tesla Model Y,NCA,88.0,87,107,30.9,0.65,1.02,Aggressive,0.0473,85.06,Moderate
41001702,Tesla Model 3,NCA,75.0,85,380,10.4,0.76,1.79,Conservative,0.075,83.1,Moderate
34a9d99e,Nissan Leaf,LFP,88.0,55,389,34.9,0.31,1.1,Aggressive,0.0781,86.77,Moderate
edab8299,MG ZS EV,LFP,64.0,53,232,13.3,0.59,2.1,Aggressive,0.0689,87.52,Moderate
4e8dacf2,Hyundai Kona Electric,NCA,88.0,40,63,39.6,0.79,0.5,Moderate,0.0242,92.16,Healthy
45ecefe1,Tesla Model 3,LFP,50.0,94,932,15.1,0.42,1.91,Aggressive,0.0319,83.8,Moderate
207ee22a,Nissan Leaf,NMC,75.0,28,430,16.0,0.74,2.12,Aggressive,0.0315,90.74,Healthy
7305e61c,Hyundai Kona Electric,NCA,82.0,22,213,18.8,0.42,1.05,Conservative,0.0405,91.22,Healthy
316eeaf1,Nissan Leaf,NMC,40.0,2,175,18.0,0.91,1.83,Moderate,0.0674,88.79,Moderate
f6ab5336,Ford Mustang Mach-E,LFP,64.0,78,1115,39.6,0.75,2.36,Aggressive,0.0484,82.26,Moderate
d52920b1,Ford Mustang Mach-E,NMC,40.0,44,695,34.5,0.9,1.83,Conservative,0.0427,88.84,Moderate
993337f4,Ford Mustang Mach-E,NCA,40.0,59,1480,22.1,0.81,2.35,Conservative,0.0215,85.59,Moderate
b89e116e,MG ZS EV,LFP,50.0,48,975,28.6,0.66,1.45,Conservative,0.0448,83.5,Moderate
ebd7e724,Hyundai Kona Electric,NCA,50.0,82,787,36.2,0.92,1.97,Aggressive,0.0607,82.02,Moderate
1235163d,MG ZS EV,LFP,88.0,11,763,22.8,0.89,2.36,Moderate,0.0792,87.23,Moderate
74adad8b,Tesla Model Y,LFP,88.0,78,449,31.4,0.84,2.25,Conservative,0.0671,83.14,Moderate
e0b8dbdb,Nissan Leaf,NMC,40.0,39,1428,39.9,0.94,1.43,Conservative,0.0738,80.41,Moderate
06f39221,Ford Mustang Mach-E,LFP,88.0,28,399,32.6,0.66,0.68,Moderate,0.0461,87.95,Moderate
6f0fc234,Hyundai Kona Electric,NMC,82.0,29,577,30.0,0.91,1.84,Aggressive,0.0599,87.52,Moderate
2ca09349,MG ZS EV,NCA,75.0,43,508,38.0,0.75,1.7,Aggressive,0.0586,88.3,Moderate
db34f0df,Ford Mustang Mach-E,NMC,50.0,49,1389,29.3,0.58,2.21,Conservative,0.0685,80.16,Moderate
121afcc6,Ford Mustang Mach-E,LFP,64.0,12,746,32.2,0.9,1.99,Aggressive,0.027,89.32,Moderate
13da9a31,Ford Mustang Mach-E,NCA,75.0,95,53,19.3,0.6,0.88,Conservative,0.0433,85.88,Moderate
cff7b772,Ford Mustang Mach-E,NMC,75.0,67,1409,28.0,0.29,1.29,Moderate,0.0523,81.05,Moderate
47e65d64,Ford Mustang Mach-E,LFP,88.0,88,983,14.4,0.34,1.99,Aggressive,0.0709,78.41,Critical
41722d0c,MG ZS EV,LFP,50.0,89,302,18.2,0.82,1.65,Conservative,0.0579,83.92,Moderate
2b85aa76,Tesla Model Y,LFP,88.0,43,362,34.8,0.28,1.97,Aggressive,0.0686,88.27,Moderate
3318e14e,Hyundai Kona Electric,NCA,82.0,51,662,39.5,0.66,2.2,Moderate,0.0795,82.91,Moderate
d4465f03,Nissan Leaf,LFP,50.0,45,851,21.7,0.55,1.07,Conservative,0.0618,85.67,Moderate
eede70b2,MG ZS EV,NMC,88.0,17,712,32.6,0.59,2.11,Aggressive,0.071,86.02,Moderate
0e328614,MG ZS EV,NMC,88.0,18,954,30.9,0.35,0.79,Moderate,0.0331,88.56,Moderate
528b355c,Tesla Model Y,NMC,75.0,93,1228,13.1,0.77,2.22,Conservative,0.0426,81.34,Moderate
83b2bc12,Tesla Model Y,NCA,82.0,46,1020,15.4,0.14,2.46,Aggressive,0.059,84.78,Moderate
f409250c,Hyundai Kona Electric,NCA,50.0,52,551,11.0,0.3,1.48,Aggressive,0.0613,86.97,Moderate
4691eb4d,Tesla Model 3,NMC,88.0,85,233,33.3,0.84,1.8,Conservative,0.0365,86.49,Moderate
b78453b6,Hyundai Kona Electric,LFP,82.0,11,299,24.7,0.67,1.52,Aggressive,0.0214,96.09,Healthy
4dc24d9e,Tesla Model Y,NMC,75.0,96,243,33.8,0.25,1.47,Moderate,0.0587,83.93,Moderate
1fbe89de,Nissan Leaf,LFP,82.0,9,1150,15.5,0.79,0.54,Conservative,0.0534,87.74,Moderate
cd6f6b90,Tesla Model 3,NMC,50.0,67,1247,26.2,0.8,1.8,Aggressive,0.0652,82.15,Moderate
67e929c4,Tesla Model Y,NMC,82.0,89,418,10.2,0.48,1.13,Aggressive,0.0223,86.42,Moderate
d1fdef0f,MG ZS EV,NMC,50.0,33,121,12.5,0.21,1.1,Conservative,0.078,88.23,Moderate
cca98838,Hyundai Kona Electric,NCA,75.0,39,144,38.4,0.54,2.07,Moderate,0.0595,87.69,Moderate
68cc8684,Tesla Model Y,NMC,40.0,67,771,28.2,0.53,1.88,Moderate,0.0598,82.69,Moderate
6c8ebafb,Nissan Leaf,LFP,82.0,28,324,28.1,0.28,1.22,Moderate,0.0277,92.5,Healthy
0c7a35bd,Tesla Model Y,NCA,75.0,49,1380,37.1,0.44,0.67,Conservative,0.0353,86.53,Moderate
024a23d0,MG ZS EV,NCA,64.0,10,1339,32.0,0.95,1.89,Aggressive,0.0316,87.7,Moderate
358350df,Ford Mustang Mach-E,NMC,82.0,21,909,34.6,0.37,2.08,Aggressive,0.0427,87.75,Moderate
6e1b110e,Tesla Model Y,NMC,64.0,15,1450,26.5,0.16,1.78,Moderate,0.0418,88.16,Moderate
74177871,MG ZS EV,LFP,40.0,2,250,21.3,0.92,1.26,Aggressive,0.0263,92.82,Healthy
ca06796c,Tesla Model 3,NMC,82.0,63,245,25.9,0.7,2.23,Moderate,0.0531,85.42,Moderate
e6c30847,Hyundai Kona Electric,LFP,82.0,50,420,20.4,0.73,2.44,Aggressive,0.0519,88.78,Moderate
405b9db1,Ford Mustang Mach-E,NMC,75.0,17,580,10.3,0.54,0.81,Aggressive,0.0276,92.17,Healthy
11912654,Ford Mustang Mach-E,LFP,50.0,82,808,31.2,0.31,1.72,Aggressive,0.0624,82.3,Moderate
d9542af2,Tesla Model 3,LFP,50.0,37,614,38.6,0.54,1.94,Moderate,0.0754,84.57,Moderate
b9b8b339,MG ZS EV,LFP,82.0,41,234,29.0,0.17,0.98,Aggressive,0.0256,90.88,Healthy
79c491e4,MG ZS EV,NCA,75.0,64,71,38.9,0.46,1.52,Aggressive,0.0638,87.22,Moderate
2d76ac9a,Nissan Leaf,NCA,88.0,90,305,22.2,0.62,2.32,Moderate,0.0648,83.25,Moderate
0df2ada3,Hyundai Kona Electric,NMC,82.0,32,1404,38.5,0.8,2.26,Aggressive,0.0517,81.82,Moderate
1e36d280,Hyundai Kona Electric,NMC,40.0,68,510,15.2,0.41,0.77,Moderate,0.0412,86.76,Moderate
a0912a0a,Hyundai Kona Electric,LFP,40.0,15,742,37.4,0.31,1.58,Moderate,0.066,87.03,Moderate
63245a6e,Tesla Model 3,LFP,88.0,28,54,32.1,0.58,0.93,Aggressive,0.0383,92.56,Healthy
783fbeae,MG ZS EV,NMC,40.0,63,167,20.7,0.62,1.16,Moderate,0.0412,88.16,Moderate
3c9a8477,Hyundai Kona Electric,NMC,50.0,46,68,13.0,0.52,0.67,Conservative,0.0509,89.49,Moderate
d483b234,Ford Mustang Mach-E,NMC,50.0,85,562,16.8,0.44,1.1,Moderate,0.0457,85.09,Moderate
aac09452,Tesla Model Y,LFP,88.0,85,949,14.9,0.4,1.37,Conservative,0.0416,82.29,Moderate
6494a8d0,Ford Mustang Mach-E,NMC,75.0,18,858,22.6,0.38,0.56,Moderate,0.06,89.35,Moderate
d97e91c9,MG ZS EV,LFP,75.0,63,1176,24.9,0.68,0.75,Conservative,0.0651,81.22,Moderate
3b0f8099,MG ZS EV,LFP,88.0,15,270,33.8,0.21,1.19,Moderate,0.0208,93.9,Healthy
f5dab696,MG ZS EV,NCA,50.0,77,66,23.0,0.35,1.47,Conservative,0.0657,86.71,Moderate
b720225e,MG ZS EV,NMC,75.0,32,625,33.0,0.83,2.49,Aggressive,0.0348,87.97,Moderate
bd8c328f,Tesla Model Y,LFP,50.0,94,1078,28.3,0.26,2.21,Conservative,0.0577,79.72,Critical
1792277c,Nissan Leaf,LFP,40.0,36,443,37.9,0.46,1.73,Aggressive,0.0255,90.96,Healthy
474e9377,Ford Mustang Mach-E,LFP,40.0,82,523,16.7,0.46,0.62,Moderate,0.0456,84.56,Moderate
93ea79be,Tesla Model Y,LFP,88.0,45,906,17.4,0.86,0.86,Moderate,0.02,89.13,Moderate
30bcde97,MG ZS EV,NMC,64.0,36,1292,13.0,0.26,2.4,Aggressive,0.0418,84.41,Moderate
4b83fe38,Tesla Model Y,NCA,82.0,71,316,19.9,0.73,1.22,Moderate,0.0667,85.03,Moderate
4e1cc3b1,MG ZS EV,NMC,40.0,27,1246,21.5,0.85,0.76,Conservative,0.0646,81.61,Moderate
20623026,Tesla Model Y,NCA,88.0,91,962,37.8,0.16,1.59,Aggressive,0.0406,83.43,Moderate
c2468c35,Ford Mustang Mach-E,LFP,82.0,20,139,13.8,0.46,1.92,Aggressive,0.0735,91.34,Healthy
3fde367d,Tesla Model Y,NCA,82.0,92,290,37.3,0.16,1.34,Moderate,0.0759,84.44,Moderate
b60bd77d,Hyundai Kona Electric,LFP,50.0,90,314,18.7,0.91,0.62,Aggressive,0.0783,82.54,Moderate
211d1aaa,Ford Mustang Mach-E,NMC,75.0,69,1101,39.1,0.24,2.0,Conservative,0.043,83.8,Moderate
0bb4b942,MG ZS EV,NCA,82.0,1,377,27.2,0.6,0.52,Aggressive,0.0757,89.09,Moderate
fa280dcf,Tesla Model Y,LFP,50.0,34,671,35.6,0.35,1.04,Conservative,0.0271,88.7,Moderate
2b26fe31,Tesla Model Y,NMC,40.0,82,353,38.3,0.34,0.77,Aggressive,0.0724,84.32,Moderate
0564fc52,Ford Mustang Mach-E,NCA,88.0,15,52,29.5,0.64,2.44,Conservative,0.0395,94.85,Healthy
f4027f00,Ford Mustang Mach-E,NMC,64.0,53,1302,18.8,0.94,1.75,Moderate,0.0206,84.19,Moderate
9a2b5334,Hyundai Kona Electric,NCA,88.0,3,1150,29.7,0.84,2.38,Moderate,0.055,87.81,Moderate
0f9cdd59,Hyundai Kona Electric,NMC,50.0,81,1349,28.1,0.28,1.38,Moderate,0.0395,82.59,Moderate
184a5e6b,Tesla Model Y,NMC,50.0,30,938,21.1,0.87,0.69,Aggressive,0.0309,89.34,Moderate
ac744a16,Tesla Model Y,NMC,75.0,63,419,29.4,0.12,0.83,Conservative,0.0307,90.3,Healthy
c071a15f,Tesla Model 3,NCA,82.0,10,923,17.4,0.87,2.44,Conservative,0.026,88.79,Moderate
f8f4bf08,Tesla Model 3,LFP,40.0,49,836,10.6,0.8,2.03,Conservative,0.0587,82.96,Moderate
e7e73931,MG ZS EV,NMC,88.0,81,1278,10.4,0.92,2.42,Conservative,0.0264,83.92,Moderate
904926ba,Tesla Model 3,NCA,75.0,18,1033,32.8,0.86,2.13,Aggressive,0.0384,86.45,Moderate
2a2c428f,Hyundai Kona Electric,NMC,40.0,35,1335,26.3,0.12,0.59,Conservative,0.0527,85.06,Moderate
3177ba32,MG ZS EV,NMC,88.0,29,99,16.8,0.43,1.21,Moderate,0.0372,92.14,Healthy
ac5fef92,Tesla Model 3,NMC,64.0,22,275,16.7,0.91,1.06,Aggressive,0.0246,91.06,Healthy
9df6f716,Nissan Leaf,LFP,88.0,20,414,22.9,0.38,0.86,Moderate,0.0455,91.77,Healthy
8c4cc072,Tesla Model 3,NMC,88.0,14,605,37.5,0.66,2.37,Aggressive,0.0686,88.87,Moderate
6e08f055,Hyundai Kona Electric,NCA,40.0,19,705,14.4,0.48,2.09,Moderate,0.0786,84.59,Moderate
4897f922,MG ZS EV,LFP,75.0,19,235,19.7,0.21,2.04,Aggressive,0.0412,92.46,Healthy
133fabb7,Nissan Leaf,LFP,82.0,82,732,14.1,0.9,2.34,Aggressive,0.043,83.67,Moderate
a6ce75e8,Tesla Model Y,NCA,88.0,69,521,21.5,0.59,1.34,Conservative,0.0547,86.47,Moderate
e66147b9,Tesla Model 3,LFP,50.0,31,790,10.1,0.94,0.53,Moderate,0.0535,88.02,Moderate
5c8462a0,Tesla Model Y,NMC,75.0,18,653,23.8,0.81,1.6,Aggressive,0.0759,85.05,Moderate
280b1465,MG ZS EV,NMC,75.0,18,290,38.9,0.7,1.25,Aggressive,0.0216,93.04,Healthy
3a6fbe73,Tesla Model 3,NMC,50.0,75,201,24.3,0.6,0.82,Aggressive,0.0288,87.23,Moderate
b9e11de9,MG ZS EV,LFP,64.0,54,356,33.0,0.5,0.78,Moderate,0.0516,87.62,Moderate
e41005fb,Nissan Leaf,NMC,82.0,83,1473,10.4,0.19,0.62,Conservative,0.0585,80.77,Moderate
e3104672,MG ZS EV,NMC,82.0,51,917,30.4,0.84,1.61,Moderate,0.0698,82.68,Moderate
680efdf7,Tesla Model 3,NMC,50.0,21,606,39.2,0.54,2.46,Moderate,0.0275,91.06,Healthy
c0e74060,Hyundai Kona Electric,NMC,88.0,24,1195,28.2,0.17,1.88,Conservative,0.0486,87.47,Moderate
90d01359,Ford Mustang Mach-E,NMC,64.0,48,1374,22.7,0.33,0.71,Aggressive,0.0418,82.56,Moderate
53d86b8e,Tesla Model 3,NMC,50.0,14,183,16.4,0.11,2.32,Moderate,0.0313,95.17,Healthy
59040f18,Ford Mustang Mach-E,NMC,64.0,11,1217,26.9,0.58,2.08,Moderate,0.0227,87.98,Moderate
a8134399,Tesla Model 3,LFP,50.0,37,865,25.0,0.37,1.28,Moderate,0.0414,88.65,Moderate
60eb5077,Tesla Model 3,LFP,75.0,95,1081,13.0,0.79,0.8,Conservative,0.0552,79.8,Critical
